wikirate_number,oc_jurisdiction_code
3308627,us_in
3307229,us_mo
3306209,us_mn
3305119,us_oh
3304244,us_ga
3304216,us_ny
3304167,us_fl
3300204,us_mn
3298189,us_il
3296882,tr
3296812,tr
3295760,es
3295753,es
3294627,pl
3289696,jp
3288489,jp
3287447,jp
3288454,jp
3286908,jp
3280369,hn
3278064,de
3277623,fr
3276944,fr
3275491,cn
3275255,cn
3275038,cn
3274800,cn
3274737,cn_44
3274723,cn_44
3270980,cn_36
3270398,cn_44
3270372,cn_44
3270193,cn
3270095,cn
3269878,cn
3269661,cn_12
3269409,cn_32
3269395,cn
3269353,cn_11
3269332,cn
3269269,cn_11
3268961,cn_44
3268919,cn_44
3268548,cn_44
3268415,cn_44
3268338,cn_33
3268261,cn_44
3268135,cn_44
3268011,cn_44
3267808,cn_44
3267703,cn_44
3267600,cn
3267390,cn_33
3267210,cn_32
3267182,cn_44
3267126,cn_44
3266549,cn_35
3266332,cn_44
3266157,cn
3266059,cn_44
3265704,cn_44
3261618,cn_32
3261612,br
3261563,cn
3261521,cn_32
3260965,cn
3260867,cn_44
3260491,cn_44
3260292,cn_44
3260119,cn_44
3260077,cn
3260035,cn_32
3260007,cn_44
3259846,cn_44
3259853,cn_33
3259608,cn
3259395,cn_44
3258985,cn_44
3258978,cn_44
3258209,cn_44
3258139,cn_44
3258132,cn_44
3258006,cn_33
3257681,cn_32
3257627,cn_33
3257592,cn_44
3257482,cn_44
3256328,br
3256307,br
3256202,br
3254372,cn
3254270,vn
3253858,vn
3253745,vn
3253590,vn
3253245,vn
3252976,vn
3252630,cn
3252616,cn
3252609,vn
3252555,vn
3252548,vn
3250766,tr
3248102,cn
3247952,tw
3245206,tr
3244471,bd
3244070,vn
3244021,us_tn
3243797,tr
3243734,tw
3243270,jo
3242873,in
3242644,eg
3242575,cn_44
3242533,cn_44
3242355,cn
3242213,cn_32
3242171,cn_32
3242045,cn_44
3242031,cn_32
3242038,cn_44
3241947,cn_44
3241940,cn_44
3241919,cn_44
3241647,br
3241633,br
3241584,bd
3233858,cn_33
3231700,cn_33
3230951,cn_44
3230773,cn_33
3229530,tr
3229453,tr
3229355,cn_32
3229278,al
3229271,al
3228906,tr
3228710,cn_44
3225064,ni
3224405,eg
3224242,cn
3223204,cn
3222270,tr
3222254,tr
3222248,tr
3222237,tr
3222194,tr
3222167,tr
3222173,tr
3222150,tr
3222112,in
3222100,in
3222088,cn_32
3222058,cn_33
3222064,cn_44
3222046,cn
3222052,cn
3222028,cn_33
3222034,cn
3222016,cn_32
3221986,cn_32
3220975,tr
3220963,tr
3220757,tr
3220743,tr
3220708,tr
3220694,tr
3220687,tr
3220673,tr
3220652,tr
3220568,tr
3220547,tr
3220540,tr
3220197,cn
3220050,cn_33
3128908,us_pa
3078222,us_va
3075664,us_mo
3070424,us_ny
3220603,tr
3258557,bg
3255836,at
3066225,us_il
3063800,us_nj
3059693,us_ny
3056567,us_tx
3056553,us_ny
3056414,us_ca
3037509,us_ca
3036784,us_wa
3027423,us_al
2274989,us_fl
48139,jp
49614,us_il
49364,us_ia
47919,us_il
3129090,us_ny
3128967,us_ny
3128924,us_ca
3128874,us_ma
3128538,us_ma
3128548,us_fl
3128510,us_tx
3128513,us_tx
3128274,us_il
3037583,us_sc
3107741,us_co
3106911,us_nv
3100107,us_mo
3092593,us_pa
3092457,us_il
3091750,us_pa
3088895,us_il
3088902,us_ny
3088858,us_tx
3088812,us_ca
3088813,us_in
3088728,us_tx
3079436,us_fl
3079230,us_az
3078413,us_ny
3078357,us_oh
3078325,us_vt
3078283,us_fl
3078256,us_ut
3078165,us_mn
3075783,us_nv
3075807,us_ny
3075720,us_az
3075680,us_ca
3075681,us_ma
3075695,us_ma
3075657,us_ca
3075602,us_ny
3074381,us_ut
3074124,us_fl
3070712,us_mn
3070691,us_nj
3070432,us_fl
3070388,us_tx
3070292,us_pa
3070033,us_ca
3069968,us_pa
3069953,us_tx
3069553,us_il
3066612,us_fl
3066615,us_ga
3066536,us_tx
3066170,us_nj
3064316,us_wv
3064206,us_tx
3064025,us_ny
3063975,us_nj
3063486,us_ca
3060655,us_nj
3060633,us_ut
3060619,us_ct
3060592,us_ca
3060597,us_tx
3060600,us_ny
3060567,us_il
3060560,us_ny
3060563,us_ny
3060160,us_ct
3060016,us_md
3059933,us_il
3059685,us_tx
3059031,us_nj
3058978,us_fl
3058962,us_wa
3058657,us_wa
3056757,us_ca
3056380,us_ma
3054601,us_nc
3054523,us_az
3054421,us_ca
3052163,us_ri
3052142,us_de
3052147,us_ca
3052151,us_ca
3052071,us_az
3050223,us_mt
3050128,us_ca
3050102,us_ny
3049883,us_tx
3047409,us_ky
3046552,us_tx
3046423,us_ny
3046395,us_ny
3045649,us_wi
3044852,us_pa
3044514,us_ca
3043781,us_ny
3042868,us_ny
3042876,us_ut
3042894,us_ny
3038628,us_ny
3038635,us_ca
3038475,us_ca
3038106,us_pa
3037668,us_nc
3037590,us_il
3037056,us_ct
3037040,us_va
3036987,us_nv
3036879,us_wa
3036835,us_il
3036807,us_ks
3034444,us_ia
3034420,us_tx
3034380,us_mi
3034395,us_ca
3034281,us_nj
3034286,us_ca
3034233,us_ny
3034210,us_mo
3034222,us_ca
3034179,us_sc
3034158,us_il
3034124,us_ca
3034068,us_ca
3034034,us_ma
3033976,us_ca
3033714,us_ny
3033654,us_ca
3033520,us_ma
3033512,us_tx
3028963,us_fl
3028967,us_ny
3028941,us_ct
3028865,us_nc
3028595,us_fl
3027687,us_ca
3027416,us_tx
3027310,us_mn
3027107,us_ny
3027109,us_ny
3027113,us_ca
3027062,us_nj
3027019,us_wa
3027028,us_az
3027033,us_tx
3027039,us_ut
3022672,us_tx
3019497,us_il
3019476,us_il
3019482,us_ny
3018457,us_ma
3015913,us_wi
2993929,us_ct
2986267,us_nc
2986236,us_nj
2986197,us_il
2980839,us_ca
2980816,us_nc
2980807,us_ct
2975699,us_ca
2647774,us_mi
2274170,us_ca
2274150,us_ma
2271468,us_pa
57332,us_ny
776785,us_wi
776668,us_nj
61011,us_ca
51096,us_va
51062,us_ut
3213148,us_ut
3213137,us_wa
3212776,us_pa
3128996,us_tx
3128975,us_fl
3128959,us_az
3128541,us_ga
3128542,us_ca
3128544,us_oh
3128526,us_nv
3128533,us_tx
3114134,us_tn
3114120,us_tx
3114113,us_tx
3114032,us_nj
3107555,us_ny
3107480,us_il
3107466,us_in
3100239,us_az
3100003,us_ca
3097246,us_tx
3092572,us_tn
3092490,us_il
3092422,us_nv
3092327,us_tn
3091814,us_ga
3091785,us_fl
3091787,us_in
3091790,us_il
3091763,us_mn
3091598,us_ca
3091550,us_ok
3090616,us_oh
3090617,us_fl
3090630,us_co
3090597,us_ga
3090599,us_pa
3090610,us_sd
3088872,us_ca
3088898,us_tx
3088837,us_ca
3088840,us_ca
3088856,us_il
3088857,us_nc
3088817,us_ca
3088467,us_nc
3084884,us_il
3079270,us_wi
3079188,us_ny
3079093,us_ny
3078405,us_ny
3078350,us_il
3078337,us_ny
3078277,us_ca
3078185,us_tx
3078146,us_nc
3075780,us_az
3075782,us_wa
3075795,us_nj
3075752,us_pa
3075753,us_ut
3075768,us_ny
3075769,us_ca
3075709,us_ca
3075726,us_fl
3075669,us_il
3075696,us_ca
3075625,us_ut
3075626,us_wa
3075627,us_nv
3075632,us_ut
3075648,us_tx
3075653,us_ca
3075655,us_ut
3075658,us_nj
3075612,us_az
3075616,us_ma
3075617,us_ny
3075619,us_ny
3075620,us_ny
3075351,us_mi
3074401,us_ny
3070411,us_nc
3070335,us_ny
3070066,us_il
3069704,us_la
3069670,us_nc
3066701,us_ma
3066677,us_fl
3066634,us_fl
3066661,us_nc
3066610,us_tx
3066614,us_sc
3066627,us_il
3066580,us_sc
3066556,us_mn
3066531,us_ut
3066533,us_tx
3066534,us_tn
3066546,us_wa
3066549,us_ca
3066552,us_ca
3066524,us_ma
3065879,us_ca
3065710,us_wa
3065623,us_tx
3065585,us_tx
3065559,us_oh
3065392,us_nv
3064343,us_nj
3064250,us_ca
3064172,us_me
3064058,us_ca
3063912,us_az
3063820,us_tx
3063807,us_tx
3063741,us_va
3063663,us_ny
3063603,us_co
3063589,us_wa
3063575,us_va
3060661,us_il
3060632,us_ut
3060650,us_sc
3060610,us_ok
3060614,us_ga
3060616,us_il
3060598,us_co
3060601,us_ca
3060606,us_nv
3060608,us_ca
3060609,us_il
3060583,us_il
3060564,us_ny
3060402,us_tx
3059876,us_il
3059032,us_ny
3059021,us_ut
3059016,us_ut
3059004,us_ut
3058994,us_wa
3058974,us_ma
3056796,us_ny
3056682,us_ut
3056596,us_nc
3054434,us_md
3054338,us_il
3054332,us_ut
3054135,us_tx
3054115,us_wi
3052167,us_ma
3052125,us_ny
3052135,us_fl
3052139,us_tx
3052112,us_nj
3052113,us_fl
3052117,us_tx
3052064,us_ms
3052065,us_al
3052068,us_tx
3052076,us_pa
3052034,us_fl
3052041,us_az
3050214,us_tx
3050221,us_mn
3050193,us_co
3050199,us_tx
3050208,us_tx
3050209,us_tx
3050181,us_ny
3050186,us_tx
3047667,us_ca
3047634,us_wa
3047531,us_ny
3046450,us_pa
3046437,us_ne
3046402,us_de
3046178,us_ny
3046159,us_ca
3045656,us_ma
3045643,us_oh
3045537,us_wi
3045030,us_nv
3045024,us_az
3044919,us_wi
3044875,us_nv
3044831,us_or
3044747,us_ut
3044727,us_ut
3044720,us_ct
3044662,us_nv
3044655,us_tx
3044633,us_pa
3044526,us_ca
3044070,us_pa
3044022,us_wa
3043950,us_fl
3043930,us_il
3043876,us_or
3043830,us_ny
3042885,us_pa
3038707,us_ny
3038666,us_sd
3038669,us_mo
3038692,us_ct
3038630,us_ny
3038639,us_mn
3038643,us_il
3038649,us_il
3037107,us_il
3037108,us_ca
3037079,us_ut
3036893,us_mn
3036865,us_nv
3036747,us_nj
3034442,us_fl
3034450,us_tx
3034411,us_oh
3034418,us_oh
3034426,us_wa
3034361,us_fl
3034379,us_ga
3034347,us_az
3034272,us_ia
3034293,us_ca
3034294,us_fl
3034264,us_ca
3034194,us_ma
3034205,us_ca
3034209,us_tx
3034215,us_ca
3034217,us_ny
3034171,us_nh
3034174,us_il
3034178,us_nj
3034144,us_ca
3034095,us_oh
3033911,us_ct
3033728,us_ut
3033695,us_ut
3028945,us_ok
3028946,us_az
3028955,us_il
3028911,us_fl
3028920,us_nv
3028923,us_ar
3028888,us_ma
3027597,us_tx
3027122,us_va
3027080,us_tx
3027100,us_ma
3027104,us_ny
3027108,us_wa
3027110,us_ny
3027116,us_fl
3027048,us_mo
3027049,us_mo
3027063,us_tx
3027017,us_ca
3027027,us_ny
3027044,us_tx
3026993,us_ct
3026997,us_ny
3027000,us_ca
3026961,us_ca
3026905,us_ar
3026906,us_co
3026910,us_ny
3026915,us_ca
3026920,us_ut
3026923,us_ct
3023799,us_wa
3022502,us_tx
3020641,us_ca
3020652,us_id
3020614,us_oh
3019481,us_ct
3019490,us_il
3018458,us_tx
3018467,us_ma
3018443,us_ca
3018449,us_md
3017153,us_nj
3016992,us_il
3016101,us_mo
3015951,us_mi
3015235,us_ca
3015248,us_tx
3014360,us_ma
3014361,us_ma
3014363,us_il
3014364,us_il
3014368,us_nv
3014369,us_fl
3013282,us_co
3013295,us_il
3013267,us_nj
2993808,us_ca
2993256,us_in
2992841,us_ct
2991866,us_nj
2990779,us_ma
2990224,us_co
2989437,us_nj
2986347,us_wi
2986279,us_oh
2986285,us_tx
2986215,us_ny
2980822,us_ga
2980830,us_il
2980831,us_ny
2980834,us_il
2980806,us_ca
2977989,us_il
2978008,us_tx
2978011,us_mi
2977976,us_ca
2977978,us_ca
2976871,us_ma
2975714,us_il
2975716,us_va
2975722,us_il
2975724,us_ny
2975704,us_il
2975710,us_il
2974594,us_il
2974599,us_tx
2974605,us_il
2974573,us_nc
2647781,us_il
2632332,us_wa
2615962,us_ny
2274156,us_ny
2274161,us_tx
2270404,us_ct
2266076,us_ny
7781,us_ny
47751,us_il
3092300,us_fl
3091805,us_ca
3090612,us_ma
3090621,us_sc
3090626,us_il
3088835,us_ny
3088870,us_ut
3088871,us_nv
3075787,us_az
3075797,us_ny
3075667,us_md
3075660,us_tx
3075596,us_tx
3075600,us_md
3066689,us_wa
3058987,us_il
3056795,us_ca
3056792,us_il
3056688,us_ut
3054475,us_ny
3052129,us_ca
3052033,us_wa
3050225,us_il
3050227,us_ny
3050159,us_il
3047481,us_ut
3038704,us_id
3038716,us_ga
3038642,us_or
3037697,us_il
3037109,us_ny
3037113,us_ga
3034405,us_ut
3034406,us_tx
3034415,us_fl
3034316,us_ca
3034327,us_ny
3034230,us_pa
3034137,us_il
3034145,us_il
3028892,us_md
3028905,us_ny
3028913,us_ny
3027093,us_sc
3027111,us_in
3026969,us_ny
3026963,us_il
3019492,us_il
3018441,us_ny
3018447,us_ct
3015236,us_il
2986324,us_ut
2986299,us_nh
2986305,us_il
2986245,us_il
2979675,us_ca
2979677,us_il
2979688,us_il
2978010,us_ma
2977985,us_tx
2976862,us_nj
2975698,us_ut
2975705,us_il
2974589,us_ne
2974582,us_il
2615851,us_ny
2264099,us_il
971870,us_il
864300,us_il
3220951,cn_33
3220957,in
3219112,bd
3219161,bd
3219203,bd
3219210,bd
3219217,bd
3219266,bd
3219273,bd
3219294,bd
3219308,cn_34
3219315,cn_34
3219322,cn_35
3219343,cn_32
3219350,cn_32
3219357,cn_32
3219364,cn_32
3219371,cn_32
3219378,cn_21
3219385,cn_33
3219399,cn_33
3219406,cn_44
3219413,cn_44
3219420,cn_44
3219427,cn_44
3219434,cn_42
3219441,cn_44
3219448,cn_44
3219455,cn_35
3219462,cn_21
3219469,cn_44
3219476,cn_44
3219483,cn_33
3219490,cn_33
3219497,cn_33
3219504,cn_33
3219511,cn_33
3219518,cn_13
3219525,cn_42
3219532,cn_44
3219539,cn_32
3219546,cn_32
3219553,cn_32
3219560,cn_32
3219567,cn_32
3219574,cn_33
3219581,cn_33
3219588,cn_33
3219595,cn
3219602,cn
3219609,cn
3219616,cn
3219623,cn_35
3219630,cn_35
3219637,cn_32
3219644,cn_32
3219651,cn
3219658,cn_35
3219665,cn_13
3219672,cn_44
3219679,cn_32
3219686,cn_44
3219693,cn
3219700,cn_34
3219707,cn_34
3219714,cn_44
3219721,cn_32
3219728,cn_32
3219735,cn_32
3219742,cn_33
3219749,cn_33
3219756,cn_33
3219763,cn_33
3219770,cn_33
3219777,cn_33
3219784,cn_33
3219791,cn_33
3219798,cn_33
3219805,cn_33
3219812,cn_13
3219819,cn_44
3219826,cn_33
3219833,cn_33
3219840,cn
3219847,cn_33
3219854,cn_33
3219861,cn_21
3219868,cn_32
3219875,cn
3219882,cn
3219889,cn
3219896,cn
3219903,cn_35
3219910,cn_32
3219917,cn_44
3219924,cn
3219931,cn
3219938,cn
3219945,cn_44
3219952,cn_33
3219959,cn_33
3219966,cn_33
3219973,cn_33
3219980,cn_33
3219987,cn_44
3220001,cn
3220008,cn_44
3220022,cn_32
3220029,cn_12
3220036,cn_44
3220043,cn_33
3220057,cn_44
3220064,cn_44
3220071,cn_32
3220078,cn_32
3220085,cn_35
3220092,cn_33
3220099,cn_32
3220106,cn_32
3220113,cn
3220120,cn_42
3220127,cn_44
3220134,cn_33
3220141,cn_44
3220148,cn_33
3220155,cn_32
3220162,cn_32
3220169,cn_32
3220176,cn_33
3220183,cn_33
3220190,cn_33
3220204,cn_33
3220211,cn_33
3220218,cn_41
3220225,cn_44
3220232,cn
3220239,cn_44
3220246,in
3220253,in
3220260,in
3220267,in
3220281,in
3220288,in
3220302,in
3220309,in
3220316,in
3220323,in
3220344,in
3220351,in
3220358,in
3220365,in
3220372,in
3220386,it
3220393,it
3220414,it
3220428,it
3220442,pl
3220449,pt
3220456,pt
3220463,kr
3220470,kr
3220477,kr
3220491,kr
3220505,lk
3220526,tr
3220533,tr
3220561,tr
3220575,tr
3220582,tr
3220596,tr
3220617,tr
3220624,tr
3220631,tr
3220666,tr
3220680,tr
3220701,tr
3220722,tr
3220729,tr
3220750,tr
3220771,tr
3220778,tr
3220785,tr
3220799,vn
3220813,vn
3221915,bd
3096445,bd
3221956,bd
3221962,bd
3221980,cn
3221992,cn_33
3221998,cn_36
3222004,cn_45
3222010,cn_44
3222022,cn_33
3222040,cn
3222070,cn_33
3222076,cn_33
3222082,cn_32
3222094,in
3222106,in
3222132,rs
3222138,rs
3220589,tr
3222226,tr
3222276,tr
3222302,tr
3226499,eg
3227408,cn
3226506,in
3226520,th
3227415,cn_42
3226527,tr
3226541,cn
3227422,it
3226555,cn
3226562,it
3226569,it
3226576,it
3226597,it
3226611,in
3226618,tn
3226625,it
3226632,it
3226646,cn
3226653,pt
3226674,it
3226702,cn
3226716,cn
3226723,vn
3226730,tr
3226737,lk
3226751,vn
3226758,my
3226772,cn
3226786,tr
3226793,in
3226807,cn
3227436,in
3226814,la
3226831,tr
3226845,cn
3226859,cn
3226873,lk
3226887,cn
3226915,pt
3226922,cn_33
3226929,cn
3226943,cn
3226950,it
3226964,it
3227457,lk
3226971,vn
3227464,cn
3226992,it
3227013,it
3227027,tr
3227034,it
3227041,tr
3227048,it
3227478,tr
3227062,tr
3227069,it
3227076,it
3227083,lk
3227097,pt
3227104,bg
3227125,ua
3227132,id
3227139,id
3227174,it
3227181,in
3227188,ro
3227198,ro
3227505,vn
3227226,tr
3227282,pt
3227296,it
3227310,cn
3227317,vn
3227331,pl
3227352,cn
3227373,cn_13
3099299,tr
3231007,cn_44
3099302,in
3099303,tr
3231014,tr
3099311,cn_34
3099312,in
3228143,tr
3228150,in
3228157,ro
3228164,tr
3228171,tr
3228178,tr
3228192,in
3231049,tr
3228206,tr
3228213,tr
3228220,tr
3228234,bg
3228241,cn_11
3228255,ua
3231056,tr
3231063,in
3228262,tr
3228269,cn_32
3228276,tr
3231077,tr
3228304,tr
3231084,in
3228311,tr
3228318,it
3228325,it
3228332,it
3228339,it
3228346,it
3231091,tr
3231112,tr
3231119,in
3231126,cn
3228353,cn_32
3228360,cn_32
3228367,cn_44
3228374,bg
3228381,bg
3228388,cn
3228409,cn_32
3228416,cn_44
3228430,cn_44
3228444,tr
3228451,cn_33
3228465,pt
3228472,cn_44
3228521,in
3231154,lk
3228556,cn_32
3228563,ma
3228605,cn_44
3228619,cn_35
3228633,cn_33
3228640,cn_44
3228647,tr
3228703,tr
3228717,cn_44
3228724,cn_44
3228731,cn_44
3228738,cn_44
3228745,cn_44
3228752,cn_44
3228759,cn_44
3228766,cn
3228773,cn_44
3231161,tr
3228787,cn_36
3228794,tr
3231175,in
3231182,tr
3228815,tr
3228822,tr
3228829,tr
3228885,in
3231189,in
3228913,cn_44
3231196,tr
3228941,cn_33
3231210,tr
3228948,tr
3228976,pt
3228983,cn_44
3231217,cn_35
3228997,in
3231238,cn_35
3229009,in
3229016,tr
3229037,ro
3229051,tr
3229058,cn_44
3229065,cn_44
3229072,cn_44
3229079,cn_44
3229110,vn
3229117,tr
3229124,tr
3231276,vn
3229131,cn_44
3229145,cn_33
3229152,cn_33
3229159,cn_33
3231283,cn_33
3229166,cn_33
3229173,cn_33
3229180,cn_33
3231290,cn_33
3229187,cn_33
3229194,cn_32
3231297,cn
3231304,cn_32
3231311,cn_32
3229201,cn_44
3229208,cn_44
3229215,cn_44
3229222,cn_33
3229229,cn_42
3229236,cn_44
3229243,cn_44
3229257,tr
3229264,tr
3229285,it
3229292,it
3229299,it
3229320,bg
3229327,tr
3229334,tr
3231331,tr
3229348,cn_44
3229362,cn_32
3229369,cn_32
3229376,cn_36
3229383,cn_33
3229390,cn_33
3229397,cn_33
3229404,cn_33
3229411,cn_44
3229418,cn_44
3229425,cn_44
3229432,cn_32
3229439,tr
3229446,in
3229460,tr
3229467,tr
3229488,cn
3231338,cn_44
3229495,tr
3229502,gb
3229509,tr
3229516,vn
3229523,tr
3229544,tr
3229551,tr
3229565,tr
3229572,cn_33
3229579,pt
3229586,cn_44
3229593,it
3229614,cn_44
3231369,tr
3229621,cn_35
3229663,in
3229698,tr
3229705,tn
3229729,tr
3229736,cn
3231390,tr
3229743,in
3229750,tr
3229757,in
3229764,it
3229792,tr
3229813,cn_32
3229827,tr
3229851,cn_33
3229865,tr
3229872,tr
3229886,ro
3229893,ua
3229907,tr
3231428,tr
3229914,tr
3229921,tr
3229935,in
3231442,tr
3231449,bg
3229956,gr
3229963,vn
3229970,vn
3229977,vn
3229984,cn_44
3229991,cn_44
3231462,cn
3231469,cn
3230012,cn
3230019,cn_23
3231476,cn_44
3230029,in
3230036,in
3224601,in
3231490,cn_33
3230046,tr
3230053,ro
3231497,in
3231511,tr
3230123,ma
3230130,tr
3230137,tr
3230144,tr
3230151,tr
3230158,mu
3230165,cn_44
3230172,cn_44
3230179,cn_44
3230186,cn_44
3230193,cn_52
3230200,cn_44
3230207,cn_33
3230214,cn_33
3230221,cn_44
3230228,cn_44
3230235,tw
3231525,in
3230249,in
3230291,in
3230305,ke
3230319,cn_44
3230347,in
3230361,tr
3230403,cn_32
3230417,cn_33
3230424,bg
3230431,tr
3230438,tr
3231560,in
3230459,vn
3231567,tr
3230473,tr
3231574,tr
3231581,tr
3230480,mu
3230501,vn
3230508,gb
3230522,vn
3230529,tr
3230536,it
3230543,in
3231609,cn_33
3231616,cn_33
3230550,cn_32
3230564,tr
3230581,mg
3230602,tr
3230609,tr
3230616,bg
3231623,tr
3230623,tr
3230630,ro
3230637,cn_11
3230644,ro
3230651,tr
3230693,cn_34
3230707,tr
3230714,tr
3230728,in
3230735,in
3230742,in
3231651,cn_44
3230749,cn_44
3230756,cn_44
3231658,cn_33
3230766,cn_33
3230780,cn_33
3230787,cn_33
3230794,cn_33
3230801,cn_33
3230808,cn_33
3230815,in
3230822,cn_33
3230829,cn_44
3230836,cn_32
3230843,cn_44
3230850,cn_44
3231672,cn_42
3231679,cn_44
3230864,cn_44
3231686,cn_32
3230871,cn_32
3230878,cn_32
3230885,tr
3230892,tr
3230906,cn
3230913,cn_44
3230920,cn_33
3230927,cn_33
3230934,tr
3231693,tr
3230941,tr
3230958,tr
3230965,cn_33
3230972,cn_33
3230979,cn_33
3230986,cn_44
3230993,cn_44
3231707,tr
3099300,pt
2930771,cn_32
3233864,cn
3240420,cn_44
3240427,cn_44
3240434,cn_44
3240441,cn_44
3240448,cn_44
3240455,cn_44
3240462,cn_44
3240469,cn_44
3240476,cn_42
3240483,cn_32
3240490,cn_32
3240497,cn_32
3240504,cn_32
3240518,cn_32
3240525,cn_32
3240537,cn_33
3240544,cn_33
3240551,cn_33
3240558,cn
3240565,cn_33
3240572,cn_33
3240579,cn_33
3240586,cn_33
3240598,cn_33
3240605,in
3240619,vn
3240770,ar
3240780,ar
3240815,do
3242297,cn_33
3244780,cn_33
3242304,cn_33
3244787,cn_33
3242311,cn_33
3242324,cn
3242334,cn_35
3242341,cn_35
3244794,cn
3242348,cn
3242362,cn
3242369,cn
3242376,cn_44
3242383,cn_44
3244807,cn_32
3242390,cn_32
3242397,cn_32
3242404,cn
3242411,cn_44
3242418,cn
3242425,cn
3242432,cn_32
3242439,cn_45
3242446,cn_32
3242453,cn_32
3242460,cn_32
3244817,cn_33
3242467,cn_33
3242474,cn_44
3242481,cn_36
3242488,cn_44
3242495,cn_35
3242502,cn_33
3242509,cn_33
3242519,cn_44
3242540,cn_44
3242547,cn_44
3242554,cn_44
3242561,cn_44
3242568,cn_44
3242582,cn_44
3242603,cr
3242610,do
3242617,do
3242624,do
3224361,eg
3242634,eg
3244840,eg
3244847,eg
3242651,eg
3244864,eg
3244878,sv
3242658,sv
3242665,sv
3244891,sv
3242672,sv
3244898,sv
3244905,us_ga
3242679,de
3224433,gt
3242689,gt
3242696,gt
3242717,gt
3242724,hn
3242731,hn
3242738,hn
3242745,hn
3242752,in
3244933,in
3244940,in
3242811,in
3242845,in
3242852,in
3242859,in
3242866,in
3242929,in
3242967,in
3243023,in
3243030,in
3245045,in
3243040,in
3243047,in
3245052,in
3243075,in
3224665,id
3243085,id
3245059,id
3243092,id
3243099,id
3243106,id
3243113,id
3243120,id
3243127,id
3243134,id
3243141,id
3243148,id
3243155,id
3243162,id
3243169,id
3243176,id
3243190,it
3243204,it
3243211,it
3255898,be
3285130,it
3243218,it
3243225,it
3243235,it
3243256,jo
3245080,jo
3243263,jo
3243277,ke
3243284,ke
3243291,ke
3243298,ke
3243305,ke
3243312,kr
3245090,ls
3245097,mk
3243322,mk
3243346,mx
3243360,mx
3243367,mx
3243374,mx
3243381,mx
3243388,mx
3243395,mx
3243402,mx
3243409,mx
3243416,mx
3243423,mx
3243430,mx
3243444,mx
3243451,mx
3243458,mx
3243472,mx
3243479,mx
3243486,mx
3243493,mx
3243500,mx
3243507,mx
3243514,mx
3243521,mx
3243528,mx
3243535,mx
3243542,mx
3243549,mx
3243556,mx
3243577,md
3243598,ni
3243605,ni
3243612,ni
3243619,ni
3243626,ni
3245138,py
3243654,pe
3243661,pe
3245145,ph
3243668,ph
3243675,ph
3243682,ph
3243689,ph
3243696,pl
3243703,pt
3245152,pt
3243713,pt
3245168,tw
3243741,tw
3243748,tw
3245185,th
3243769,tn
3243776,tr
3245213,tr
3245223,tr
3245230,tr
3245237,tr
3245244,tr
3243783,tr
3245258,tr
3243790,tr
3243804,tr
3243811,ae_aj
3243818,ae_sh
3243825,us_ar
3243832,us_ca
3243846,us_il
3245289,us_il
3243874,us_pa
3243888,us_ga
3243895,us_ca
3245324,us_wi
3244035,us_ma
3244042,us_wi
3244049,vn
3244056,vn
3244063,vn
3244077,vn
3244084,vn
3245390,vn
3244091,vn
3244098,vn
3244105,vn
3245397,vn
3244112,vn
3244119,vn
3245404,vn
3244126,vn
3244133,vn
3245411,vn
3245418,vn
3244140,vn
3245425,vn
3245432,vn
3245439,vn
3245446,vn
3244147,vn
3244154,vn
3244161,vn
3244175,vn
3244182,vn
3244189,vn
3244196,vn
3244203,vn
3244210,vn
3244217,vn
3244224,vn
3244231,vn
3244238,vn
3244245,vn
3244252,vn
3244259,vn
3244266,vn
3244273,vn
3245453,vn
3244280,vn
3245460,vn
3244290,vn
3244297,vn
3244304,vn
3244311,vn
3244318,vn
3244325,vn
3244332,vn
3244339,vn
3245467,vn
3244346,vn
3244353,vn
3244360,vn
3244367,vn
3245474,vn
3244381,vn
3245481,vn
3244388,vn
3244395,vn
3244402,vn
3244409,vn
3244416,vn
3244423,vn
3244430,vn
3244437,vn
3244444,vn
3245488,vn
3245495,vn
3244451,vn
3244458,vn
3241324,al
3241351,ar
3241365,ar
3241366,ar
3241380,ar
3244482,ar
3241387,ar
3241394,ar
3241401,ar
3241415,ar
3241422,ar
3241436,bd
3244499,bd
3241467,bd
3244520,bd
3241539,bd
3241546,bd
3241567,bd
3241598,bd
3241612,ba
3241619,br
3244599,br
3244606,br
3241626,br
3241640,br
3244613,br
3244620,br
3244627,br
3244634,br
3244641,br
3241654,br
3241661,br
3244658,br
3241668,br
3241675,br
3241689,bg
3241727,kh
3241755,kh
3241762,kh
3244693,kh
3244707,ca
3241811,cl
3241818,cn_35
3241825,cn_34
3241832,cn_34
3241839,cn_32
3241856,cn_33
3241863,cn_32
3241870,cn_44
3241877,cn_44
3241884,cn_44
3241891,cn_44
3241898,cn_44
3241905,cn_44
3241912,cn_44
3244724,cn_44
3241926,cn_44
3241933,cn_44
3241954,cn_44
3241961,cn_44
3241968,cn_44
3241975,cn_44
3241982,cn_44
3241989,cn_44
3241996,cn_44
3242003,cn_44
3242010,cn
3242017,cn_44
3242024,cn_44
3244738,cn_35
3244745,cn_44
3242052,cn_44
3242059,cn_45
3242066,cn_44
3242087,cn_33
3242094,cn_33
3242101,cn_33
3244752,cn_33
3242108,cn_33
3242115,cn_33
3242122,cn_41
3242129,cn_44
3242136,cn_32
3242143,cn_32
3242150,cn_42
3242157,cn_44
3242178,cn_32
3242185,cn_32
3242192,cn_32
3242199,cn_32
3242206,cn
3242220,cn_33
3242227,cn_35
3242234,cn_35
3242241,cn_32
3242248,cn_42
3242255,cn_44
3242262,cn_44
3242269,cn_35
3244766,cn_44
3242283,cn_33
3244773,cn_33
3242290,cn_33
3222791,ar
3222868,bd
3223016,br
2932829,cn_32
2932248,cn
3223837,cn
3224214,cn_44
3225267,eg
2626448,sv
3224812,ke
3224952,mx
945106,tw
3226021,vn
3226210,vn
3223987,cn_35
3248053,kh
3248067,cn_34
3248074,cn
3250286,cn_35
3248081,cn_32
3248088,cn
3248095,cn
3248109,cn_21
3248116,cn
3248123,cn_44
3248130,cn
3248137,cn_44
3248144,cn
3248151,cn_34
3248158,cn
3248165,cn
3248172,cn
3248179,cn
3248186,cn
3248193,cn
3248200,cn_33
3248207,cn
3248214,cn_33
3250298,cn
3248221,cn_33
3248228,cn
3250305,cn
3248235,cn
3248242,cn_32
3250312,cn
3248249,cn_32
3248256,cn_36
3250319,cn
3250326,cn_33
3248263,cn_33
3248270,cn
3248277,cn_21
3248284,cn_35
3248291,cn_35
3248298,cn
3248305,cn
3248312,cn
3248319,cn_44
3248326,cn_35
3248333,cn
3248340,cn
3248347,cn_35
3248361,cn
3248368,cn
3248375,cn
3250333,cn_32
3248382,cn_33
3248389,cn
3248396,cn
3250340,cn
3248403,cn
3248410,cn
3248417,cn
3248424,cn
3248431,cn
3250347,cn
3250354,cn
3250366,cn
3248438,cn
3248450,cn
3250373,cn
3248464,cn
3248478,cn
3248485,cn
3248492,cn
3248499,cn_44
3248506,cn
3250387,cn
3248518,cn
3248525,cn
3250394,cn_33
3248532,cn
3248539,cn
3250406,cn_33
3248546,cn_33
3248553,cn_33
3248560,cn_33
3248567,hr
3225260,ro
3251325,ro
3248588,eg
3248602,eg
3248609,eg
3248616,eg
3248623,eg
3250525,in
3248668,in
3248680,in
3248687,in
3250551,in
3250558,in
3248701,in
3248727,it
3248734,it
3248741,it
3248783,it
3248797,it
3248811,it
3248818,it
3248832,it
3248867,it
3248888,it
3248895,it
3248902,it
3248909,it
3248944,it
3248965,it
3248986,it
3250600,it
3250607,it
3249028,la
3249035,la
3249042,la
3249049,ma
3249056,mm
3249063,pt
3249070,pt
3249175,ro
3249229,ro
3249243,ro
3249250,ro
3249264,ro
3249285,ro
3249299,ro
3249306,ro
3249320,ro
3249348,ro
3249369,ro
3250689,rs
3249397,tn
3249467,tn
3249474,tn
3249495,tn
3249502,tn
3249509,tn
3249516,tn
3249530,tn
3249537,tn
3249558,tn
3249565,tn
3249572,tn
3249579,tn
3249586,tn
3249607,tn
3249614,tn
3249621,tn
3249628,tn
3249642,tn
3249691,tn
3249698,tn
3249719,tn
3249768,tn
3249789,tn
3249796,tn
3249803,tn
3249824,tn
3249831,tn
3249838,tn
3249880,tn
3249887,tn
3249901,tn
3249915,tn
3249929,tn
3249936,tn
3249943,tn
3249957,tn
3249971,tn
3249978,tn
3249999,tn
3250006,tn
3250041,tn
3250048,tn
3250069,tn
3250104,tn
3250118,tn
3250125,tn
3250146,tn
3250752,tn
3250759,tr
3250160,tr
3250773,tr
3250174,tr
3250188,tr
3250780,tr
3250787,tr
3250209,vn
3250216,vn
3250223,vn
3252472,sv
3252479,sv
3252486,cn
3252493,cn_32
3252505,cn
3253844,vn
3253851,vn
3252522,cn
3252534,cn
3252541,cn
3252562,vn
3252569,cn_45
3252576,cn
3252583,cn
3252590,cn
3252602,cn_44
3252623,cn
3252642,in
3252649,in
3252656,in
3252663,in
3252670,in
3253870,in
3252677,in
3252684,in
3252691,in
3252698,in
3252710,in
3252717,in
3252724,in
3252731,in
3252738,in
3253877,in
3253884,in
3253896,in
3252773,bd
3252790,in
3253903,in
3253910,vn
3252804,vn
3252816,vn
3253917,vn
3253924,cn
3252823,vn
3253931,cn
3252830,cn
3252844,cn
3252851,cn
3252858,vn
3252865,cn
3252872,cn
3252879,cn
3252886,jp
3252899,cn_34
3252906,jp
3252920,vn
3252934,cn
3252941,vn
3252969,cn
3252983,vn
3252990,vn
3252997,vn
3253004,cn
3253011,jp
3253018,cn
3253025,cn
3253032,vn
3253044,vn
3253051,vn
3253957,cn
3253058,vn
3253964,vn
3253065,cn_44
3253072,cn_44
3253079,vn
3253086,vn
3253093,cn
3253105,cn
3253112,id
3253119,id
3253126,vn
3253133,id
3253140,vn
3253976,id
3253154,vn
3253161,vn
3253168,vn
3253175,id
3253983,id
3253990,mm
3253189,id
3253196,vn
3253203,kr
3254018,vn
3253210,cn
3253217,vn
3253224,id
3253231,vn
3254032,vn
3253238,vn
3253259,vn
3253266,id
3253278,cn_21
3254039,kr
3254053,vn
3253299,kr
3253306,cn_21
3254067,vn
3254074,vn
3253320,cn
3254081,vn
3253327,kr
3254088,vn
3254095,vn
3254102,vn
3253334,bd
3253341,lk
3253348,lk
3253355,lk
3254114,lk
3254128,bd
3254135,lk
3254166,bd
3254173,lk
3253383,tw
3253390,cn_33
3253397,cn
3254180,vn
3254187,vn
3253404,vn
3253411,vn
3253418,cn
3253425,id
3253432,cn
3253446,vn
3253463,vn
3254194,vn
3253475,cn
3254201,cn
3254208,tw
3253487,cn_12
3253494,vn
3253501,cn
3253508,vn
3254215,cn
3253515,id
3253522,ph
3254222,cn_32
3253529,cn_13
3254235,vn
3253541,cn
3253548,vn
3253555,vn
3253562,vn
3254249,vn
3253569,vn
3253576,vn
3254256,vn
3253583,vn
3254263,vn
3253597,vn
3254277,vn
3254284,vn
3254291,vn
3253616,vn
3253623,vn
3253635,vn
3253642,vn
3254304,vn
3254311,vn
3253649,cn_44
3253661,cn
3253668,vn
3253675,cn
3253682,cn
3253689,vn
3253696,cn
3254323,cn
3253710,cn
3253717,vn
3253724,vn
3253731,vn
3253738,cn
3254342,cn
3253752,cn_44
3253759,cn
3253766,cn
3253773,cn
3253780,cn
3253787,cn
3253799,cn
3253806,cn
3253813,vn
3254349,vn
3254356,vn
3253820,vn
3254363,cn
3253827,cn
3255500,ar
3255507,ar
3255535,ar
3255542,ar
3255549,au
3255563,au
3258335,au
3258363,au
3255591,au
3255619,au
3255640,au
3255647,au
3258397,au
3255668,au
3258425,au
3255703,au
3255710,au
3255724,au
3255731,au
3255794,au
3255829,at
3255864,at
3255912,be
3255948,be
3256006,be
3256048,be
3256132,be
3256160,br
3256167,br
3256174,br
3258515,br
3256181,br
3256188,br
3256195,br
3258529,br
3256209,br
3256216,br
3256223,br
3256230,br
3256237,br
3256244,br
3256258,br
3256265,br
3258536,br
3256272,br
3256279,br
3256286,br
3256293,br
3256300,br
3258543,br
3256314,br
3256321,br
3256335,br
3256342,br
3256349,ca_qc
3256363,ca_bc
3258564,ca
3256384,ca_qc
3256391,ca_bc
3258571,ca_bc
3256398,ca_bc
3256405,ca
3256412,ca
3256433,ca_bc
3256454,ca_qc
3256489,ca
3256510,ca_bc
3256538,ca
3256552,ca_mb
3256559,ca_bc
3258627,ca
3256566,ca
3256573,ca_ab
3258655,ca
3258662,ca
3258669,ca
3258676,ca_bc
3256608,ca
3256615,ca_bc
3256629,ca_qc
3256642,ca_qc
3256649,ca_qc
3258690,ca_bc
3256663,ca_bc
3256670,ca
3256684,ca_qc
3256698,ca
3256733,ca
3256796,cl
3256810,cl
3256852,cl
3256866,cl
3256873,cl
3258711,cl
3256936,cl
3256943,cn_44
3256950,cn
3256957,cn_32
3256964,cn_44
3256971,cn_32
3256978,cn_44
3256985,cn_33
3256992,cn_44
3256999,cn_44
3257006,cn_44
3257013,cn_32
3257027,cn_44
3257034,cn_44
3257041,cn_44
3257048,cn_32
3257055,cn_35
3257062,cn_44
3257069,cn_45
3257076,cn_44
3257083,cn_33
3257090,cn_44
3257097,cn
3257104,cn_44
3257111,cn_44
3257118,cn_33
3257125,cn_44
3257132,cn_44
3257139,cn_44
3257146,cn_44
3257160,cn_44
3258718,cn_44
3258730,cn
3257167,cn_44
3257174,cn_35
3257181,cn_44
3257188,cn_44
3257195,cn_44
3257202,cn_33
3257216,cn_44
3258737,cn_44
3257223,cn_33
3257230,cn_35
3257237,cn_44
3257244,cn_32
3257251,cn_32
3257258,cn_32
3257265,cn_35
3258744,cn_44
3257272,cn_44
3257279,cn_44
3257286,cn
3257293,cn_44
3257300,cn
3257307,cn_33
3257314,cn_44
3257321,cn_33
3257328,cn_32
3257335,cn_44
3258751,cn_32
3257342,cn_33
3257349,cn_33
3257356,cn_53
3258758,cn_32
3257363,cn_44
3257370,cn_44
3257377,cn_33
3257384,cn_44
3257391,cn_44
3257398,cn_44
3257405,cn_44
3257412,cn_44
3257419,cn_35
3257426,cn_44
3257433,cn_44
3257440,cn_44
3257447,cn_32
3257454,cn_44
3257461,cn_44
3258765,cn_44
3257468,cn_44
3257475,cn_44
3257489,cn_44
3257496,cn_44
3257503,cn_44
3257510,cn_44
3258772,cn
3257522,cn_44
3257529,cn_34
3257536,cn_32
3257543,cn_36
3258779,cn_35
3257550,cn_44
3257557,cn_44
3257564,cn_35
3257571,cn_44
3257578,cn
3257585,cn_33
3257599,cn
3257606,cn_44
3257613,cn_34
3257620,cn_32
3257634,cn_44
3257641,cn_44
3257648,cn_44
3257655,cn_44
3257667,cn
3257674,cn_44
3257688,cn_32
3257695,cn
3257702,cn_44
3257709,cn_32
3257716,cn_44
3257723,cn_44
3257730,cn_44
3257737,cn_44
3257744,cn_44
3257751,cn_44
3257758,cn_44
3257765,cn_44
3257772,cn_32
3258791,cn
3257779,cn_44
3257786,cn_33
3257793,cn
3258798,cn_35
3258805,cn
3257800,cn_44
3258812,cn_32
3258819,cn_33
3257807,cn_44
3257814,cn_44
3258826,cn_33
3257821,cn
3257828,cn_35
3257835,cn_11
3257842,cn_35
3258833,cn_44
3257849,cn_44
3257856,cn_44
3257863,cn_44
3257870,cn_44
3257877,cn_32
3257884,cn_32
3257891,cn_33
3258840,cn_44
3257898,cn_44
3257905,cn_44
3257912,cn_32
3257919,cn_44
3257926,cn_44
3258847,cn_32
3257933,cn_44
3257940,cn_33
3257947,cn_44
3257954,cn_33
3257961,cn
3257968,cn_33
3257975,cn_35
3257982,cn_33
3257992,cn_33
3257999,cn
3258013,cn_44
3258020,cn_44
3258027,cn_44
3258034,cn_33
3258041,cn_44
3258048,cn_44
3258055,cn_32
3258062,cn_44
3258069,cn_44
3258076,cn_35
3258083,cn
3258090,cn_44
3258097,cn_44
3258104,cn_32
3258111,cn_35
3258118,cn_44
3258125,cn_44
3258146,cn_32
3258854,cn_44
3258861,cn_44
3258153,cn_44
3258868,cn_44
3258160,cn_33
3258167,cn_33
3258174,cn
3258181,cn
3258188,cn_33
3258195,cn_33
3258202,cn_44
3258875,cn_44
3258216,cn
3258223,cn_44
3258230,cn_44
3258237,cn_44
3258244,cn_21
3258251,cn_44
3258265,cn_32
3258272,cn_44
3258279,cn_32
3258286,cn_44
3258293,cn_33
3258300,cn_44
3258882,cn_44
3258307,cn_33
3258889,cn
3258898,cn_35
3258905,cn_44
3258912,cn_44
3258919,cn_32
3258926,cn_44
3258933,cn_44
3258940,cn_44
3258950,cn_44
3258957,cn_44
3258971,cn_44
3258992,cn_44
3258999,cn_44
3259006,cn_44
3259013,cn_44
3259020,cn_32
3259027,cn_32
3261252,cn_33
3259034,cn_32
3259041,cn_44
3259053,cn_33
3259060,cn_35
3259067,cn_44
3261259,cn_33
3259074,cn_44
3259081,cn_33
3259088,cn_44
3259095,cn_44
3259102,cn_44
3261266,cn
3259109,cn_33
3261273,cn
3259116,cn_33
3259123,cn_44
3259130,cn_33
3261280,cn_44
3259137,cn_44
3259144,cn_44
3259151,cn_32
3261287,cn_33
3259158,cn_44
3261294,cn_44
3259165,cn_32
3259172,cn_44
3261301,cn_35
3259179,cn
3261308,cn_44
3259186,cn_44
3259193,cn_44
3259200,cn_44
3261315,cn_44
3259207,cn
3259214,cn_32
3259221,cn_44
3259228,cn_44
3259235,cn_44
3259242,cn_32
3259249,cn
3259256,cn_44
3259263,cn_44
3259270,cn_34
3259277,cn_33
3261322,cn_44
3259284,cn_44
3259291,cn_44
3259301,cn_36
3261329,cn_35
3259308,cn
3259315,cn_44
3259322,cn_44
3259329,cn_33
3259336,cn_33
3261336,cn
3259343,cn
3261343,cn_44
3259353,cn_44
3259360,cn_14
3259367,cn
3259374,cn
3259381,cn
3259388,cn_44
3259402,cn_35
3259409,cn_44
3259416,cn_44
3259423,cn_33
3259430,cn_35
3259437,cn_44
3261350,cn_44
3261357,cn
3259444,cn_35
3259451,cn_33
3259458,cn_33
3259465,cn_44
3259472,cn
3259486,cn
3259493,cn_44
3259500,cn_44
3259507,cn_44
3259514,cn_44
3261369,cn_33
3259521,cn_44
3259528,cn_44
3259535,cn_32
3259542,cn_44
3259549,cn_32
3261376,cn_44
3259559,cn_35
3259566,cn_44
3261383,cn_32
3259573,cn_44
3259580,cn_44
3259587,cn_33
3261390,cn
3259594,cn_44
3259601,cn_35
3259615,cn_44
3259622,cn_21
3259629,cn_44
3259636,cn_44
3259643,cn_44
3259650,cn_44
3259657,cn
3261397,cn_44
3259664,cn_44
3261404,cn_32
3259671,cn_33
3259678,cn_44
3259685,cn_32
3259692,cn_44
3259699,cn_33
3261411,cn
3259706,cn_32
3259713,cn_32
3259720,cn_33
3259727,cn_44
3259734,cn_44
3259741,cn_44
3259748,cn_44
3259755,cn_44
3259762,cn_33
3259769,cn
3259776,cn_33
3259783,cn_32
3259790,cn_21
3259797,cn_44
3259804,cn_44
3259811,cn
3259818,cn_44
3259825,cn_44
3259832,cn_33
3259839,cn
3259860,cn
3259867,cn_44
3261425,cn_33
3259874,cn_33
3261432,cn_35
3259881,cn_44
3259895,cn_44
3259902,cn
3259909,cn_35
3259916,cn_44
3259923,cn_44
3259930,cn_36
3259937,cn_44
3259944,cn_32
3259951,cn_44
3259958,cn_44
3259965,cn_44
3259972,cn
3259979,cn_44
3259993,cn_33
3261439,cn
3260014,cn_44
3260021,cn_44
3260042,cn
3260049,cn_33
3260056,cn_44
3260063,cn_44
3260070,cn_35
3260084,cn_33
3260091,cn_32
3260098,cn_32
3260105,cn_33
3260112,cn_32
3261446,cn_44
3260126,cn_35
3261453,cn_35
3260133,cn
3261460,cn_32
3260140,cn_44
3260147,cn_44
3260154,cn
3260161,cn_44
3260168,cn_36
3260175,cn_44
3260182,cn_35
3260189,cn_44
3261467,cn_44
3260196,cn_44
3260203,cn_44
3260217,cn_44
3260224,cn
3260236,cn_44
3260243,cn
3260250,cn_44
3260257,cn
3260264,cn_33
3260271,cn_44
3260278,cn_44
3260285,cn_44
3260299,cn_32
3260306,cn
3261479,cn_44
3260313,cn_44
3261486,cn_44
3260323,cn_44
3260330,cn_44
3260337,cn
3260344,cn_44
3260351,cn_44
3260358,cn_44
3260365,cn_44
3260372,cn
3260379,cn_32
3260386,cn_44
3260393,cn_44
3260400,cn_35
3260407,cn_33
3260414,cn_44
3260421,cn
3260428,cn
3261493,cn
3260435,cn_44
3261500,cn_32
3261507,cn_33
3261514,cn_44
3260449,cn_44
3260456,cn
3260463,cn_44
3260470,cn_33
3260477,cn_44
3260484,cn_44
3260498,cn_44
3260505,cn
3260512,cn
3260519,cn
3260526,cn_44
3260538,cn_44
3260545,cn_35
3260552,cn_13
3260559,cn
3260566,cn_35
3260573,cn_44
3260580,cn_35
3260587,cn_34
3260594,cn_32
3260601,cn
3260608,cn_44
3260615,cn
3260622,cn
3260629,cn_32
3260636,cn_32
3260643,cn_44
3261528,cn
3261535,cn_33
3260657,cn_44
3260664,cn_44
3260671,cn_35
3260678,cn
3260685,cn
3260692,cn_32
3260699,cn_44
3260706,cn_44
3260713,cn_44
3260720,cn
3260727,cn_44
3260734,cn_44
3260741,cn_44
3260748,cn_35
3260755,cn_44
3261542,cn_35
3260762,cn_44
3260769,cn_44
3260776,cn_44
3260783,cn_35
3261549,cn_44
3260790,cn_32
3260797,cn_14
3260804,cn_33
3260811,cn_44
3260818,cn_44
3260825,cn_44
3260832,cn_44
3260839,cn_44
3260846,cn_44
3260853,cn_33
3260860,cn_35
3260874,cn_44
3260881,cn_32
3260888,cn_33
3260895,cn
3260902,cn_44
3260909,cn
3260916,cn
3260923,cn_44
3260930,cn_44
3261556,cn_44
3260937,cn_33
3260944,cn
3260951,cn_32
3260958,cn_44
3260972,cn_33
3261570,cn_44
3260979,cn_44
3260986,cn
3260993,cn_44
3261000,cn_32
3261007,cn_33
3261014,cn
3261021,cn_44
3261028,cn_44
3261035,cn_32
3261042,cn_43
3261049,cn_44
3261056,cn_44
3261063,cn_44
3261070,cn_44
3261577,cn_44
3261077,cn_32
3261084,cn
3261091,cn
3261098,cn_44
3261105,cn
3261112,cn_34
3261119,cn_44
3261126,cn_44
3261133,cn_44
3261140,cn_11
3261147,cn_44
3261154,cn_32
3261161,cn_33
3261168,cn
3261584,cn_32
3261591,cn_44
3261175,cn_44
3261182,cn_44
3261189,cn_33
3261196,cn_44
3261203,cn_33
3261210,cn_44
3261217,cn
3261603,cn_33
3261224,cn_44
3261231,cn_44
3261238,cn_44
3261245,cn_44
2623717,at
2931856,cn_32
3223428,cn_32
3265112,cn_43
3265119,cn_44
3265126,cn_44
3265133,cn_21
3265140,cn_44
3270288,cn_44
3270295,cn_32
3270302,cn_44
3265154,cn_33
3265161,cn_44
3265168,cn_44
3265175,cn_44
2932647,cn_44
3265187,cn_35
3265194,cn_44
3265201,cn_44
3265208,cn
3265215,cn_44
3265222,cn
3265229,cn_44
3265236,cn_44
3265243,cn_33
3265250,cn
3265257,cn_44
3265264,cn_44
3265271,cn_33
3265278,cn_32
3265285,cn_44
3270309,cn_44
3265292,cn_44
3265299,cn_44
3265306,cn_44
3270316,cn
3265313,cn_34
3265320,cn_44
3270323,cn
3265327,cn_42
3265334,cn_44
3265346,cn_44
3270330,cn_44
3223323,cn_44
3265358,cn_32
3220848,cn_35
3265368,cn
3265375,cn_33
3265382,cn_44
3265389,cn_32
3265396,cn_44
3265403,cn_44
3265410,cn_33
3270337,cn_35
3265417,cn_44
3265424,cn
3265431,cn_44
3265438,cn
3265445,cn_44
3265452,cn_44
3265459,cn_32
3265466,cn_44
3265480,cn_44
3265487,cn_33
3270344,cn_44
3265494,cn_44
3265501,cn_32
3265508,cn_34
3270351,cn_44
3270358,cn_44
3265515,cn_32
3265522,cn_35
3270365,cn_33
3265529,cn_44
3265536,cn
3265543,cn_44
3265550,cn
3265557,cn_33
3265564,cn_32
3265571,cn
3265578,cn
3265585,cn_44
3265592,cn_33
3270379,cn_44
3265599,cn_45
3265606,cn_33
3265613,cn_33
3270391,cn_33
3265620,cn_44
3265627,cn_44
3265634,cn_44
3265641,cn_44
3265655,cn_32
3265662,cn_44
3265669,cn_36
3265676,cn_44
3265683,cn_44
3265690,cn
3265697,cn_44
3265711,cn_44
3265718,cn_32
3265725,cn_32
3265732,cn_44
3265739,cn_33
3270405,cn_44
3265746,cn_32
3265753,cn_44
3265760,cn_44
3265767,cn_33
3265774,cn_44
3265781,cn_44
3265788,cn_44
3265795,cn_32
3265802,cn_35
3265809,cn_32
3265816,cn
3265823,cn
3265835,cn_44
3270412,cn_44
3265842,cn_35
3265849,cn_12
3265856,cn_44
3265863,cn_35
3265870,cn_44
3265877,cn_44
3265884,cn_44
3265891,cn_44
3265898,cn
3265905,cn_44
3265912,cn_44
3265919,cn_44
3265926,cn_44
3265933,cn_44
3265940,cn_32
3265947,cn
3265954,cn
3265961,cn
3270424,cn
3265968,cn_44
3265975,cn
3265982,cn_44
3265989,cn_32
3265996,cn_33
3266003,cn_44
3266010,cn_44
3266017,cn_44
3266024,cn_44
3266031,cn_32
3270436,cn_44
3270443,cn_44
3266038,cn_44
3266045,cn_44
3266052,cn
3266066,cn_32
3266073,cn
3266080,cn_44
3266087,cn_33
3266094,cn_44
3266101,cn_44
3270450,cn_35
3266108,cn_44
3270457,cn
3266115,cn_33
3266122,cn_44
3266129,cn_44
3266136,cn_44
3270464,cn_44
3270471,cn_32
3266143,cn_33
3266150,cn_44
3266164,cn_44
3266171,cn_44
3266178,cn_32
3266185,cn_44
3270478,cn
3266192,cn_44
3266199,cn_44
3266206,cn_34
3266213,cn_35
3266220,cn_32
3266227,cn
3266234,cn_44
3266241,cn_44
3266248,cn_44
3266255,cn_44
3266262,cn_35
3266276,cn_44
3266283,cn_44
3266290,cn_33
3266297,cn_44
3266304,cn_44
3266311,cn_32
3266318,cn
3266325,cn_44
3270490,cn_33
3270502,cn_44
3266339,cn_33
3266346,cn_43
3266353,cn_32
3266360,cn_33
3266367,cn_44
3270509,cn_35
3266374,cn_32
3266381,cn_44
3266388,cn_32
3266395,cn_44
3266409,cn_44
3266416,cn_44
3266423,cn_44
3266430,cn
3266437,cn_32
3266444,cn
3270516,cn_33
3266451,cn_33
3266458,cn
3266465,cn
3266472,cn_44
3266479,cn_44
3266486,cn_33
3266493,cn_44
3266500,cn_44
3270523,cn
3266507,cn_35
3266514,cn_32
3270530,cn_33
3270537,cn_33
3266521,cn_36
3266528,cn_32
3266535,cn_44
3266542,cn_44
3266556,cn
3270544,cn_44
3266563,cn_44
3266570,cn_44
3266577,cn_33
3266584,cn_36
3270551,cn_44
3266591,cn_33
3266598,cn_44
3266605,cn_44
3266612,cn_32
3266619,cn_32
3266626,cn_44
3266633,cn_44
3266640,cn_33
3270558,cn_44
3266647,cn_44
3270565,cn_44
3266654,cn_44
3266661,cn_44
3266668,cn
3266675,cn_35
3266682,cn_44
3266689,cn_35
3266696,cn_44
3270572,cn_11
3266703,cn_35
3266710,cn
3266717,cn
3270579,cn_33
3266731,cn_44
3266738,cn
3266745,cn
3266752,cn
3266759,cn_44
3266766,cn_35
3266773,cn_44
3266780,cn_44
3270586,cn
3266787,cn
3266794,cn_44
3270593,cn
3266801,cn
3266808,cn_33
3266815,cn_44
3266822,cn_44
3266829,cn_44
3266836,cn_32
3266843,cn
3266850,cn_44
3266857,cn_44
3266864,cn_44
3266871,cn_44
3266878,cn_44
3266885,cn
3266892,cn
3266899,cn_33
3270606,cn_32
3266906,cn_32
3266913,cn_44
3266920,cn_44
3270613,cn_44
3266927,cn
3266934,cn_35
3266941,cn_44
3266948,cn_44
3266955,cn
3266962,cn_44
3266969,cn_44
3270620,cn_44
3270627,cn_32
3266976,cn_33
3270634,cn_33
3266983,cn_44
3266990,cn_44
3266997,cn
3267004,cn_44
3267011,cn
3267018,cn_44
3267025,cn
3267032,cn
3267039,cn
3267046,cn_44
3267053,cn_33
3270641,cn_44
3267063,cn_32
3267070,cn
3267077,cn_33
3267084,cn_44
3267091,cn_32
3267098,cn_33
3267105,cn_44
3267112,cn_44
3267119,cn
3267133,cn_44
3267140,cn_32
3267147,cn
3267154,cn_44
3270648,cn_36
3270655,cn
3267161,cn_33
3267168,cn_44
3267175,cn_33
3267189,cn
3267196,cn_33
3267203,cn_44
3270662,cn
3270669,cn_33
3267217,cn_44
3267224,cn_44
3267231,cn_44
3267238,cn_44
3267245,cn_33
3267252,cn_44
3267259,cn_44
3267266,cn_33
3267273,cn_33
3267280,cn
3267287,cn_34
3267294,cn_35
3267301,cn_44
3270676,cn_35
3267308,cn_44
3267315,cn_44
3267327,cn
3267341,cn_35
3267348,cn_44
3267355,cn_32
3267362,cn_44
3267369,cn
3267376,cn_44
3267383,cn_44
3267397,cn_44
3267404,cn_44
3267411,cn_32
3267418,cn_44
3267425,cn_45
3267432,cn_44
3267439,cn_44
3270693,cn_44
3267446,cn_33
3267453,cn_32
3267460,cn_35
3267467,cn_44
3267474,cn_44
3267481,cn_44
3270700,cn
3267488,cn_44
3267495,cn_44
3267502,cn_44
3267509,cn
3267516,cn
3267523,cn_32
3267530,cn
3270707,cn_44
3267537,cn_44
3267544,cn_32
3267551,cn_33
3267565,cn_32
3267572,cn_12
3267579,cn_44
3267586,cn_44
3267593,cn
3267607,cn_35
3267614,cn
3270714,cn_44
3267621,cn
3267628,cn_44
3267635,cn_32
3270721,cn_44
3270728,cn_44
3270735,cn_44
3270742,cn_44
3267647,cn_32
3267654,cn_44
3267661,cn_33
3267668,cn_35
3267675,cn_44
3267682,cn_44
3267689,cn_44
3267696,cn_33
3267710,cn_35
3270749,cn_44
3267717,cn_32
3267724,cn_44
3267731,cn_32
3267738,cn_35
3267745,cn_44
3267752,cn
3267759,cn_44
3267766,cn_44
3267773,cn_44
3267780,cn_44
3267787,cn
3267794,cn_44
3270756,cn_44
3267801,cn_44
3267815,cn_32
3267822,cn
3270763,cn_33
3267829,cn_44
3267836,cn_44
3267843,cn_33
3267850,cn_44
3267857,cn_44
3270770,cn_33
3267864,cn_33
3267871,cn_34
3267878,cn
3267885,cn_44
3267892,cn_44
3267899,cn_44
3267906,cn
3267913,cn_44
3267920,cn_44
3267927,cn_44
3267934,cn_33
3267941,cn_35
3270777,cn_44
3267948,cn_44
3270784,cn_44
3267955,cn
3267962,cn_33
3267969,cn_33
3267976,cn_44
3267983,cn_44
3267990,cn_33
3267997,cn_44
3268004,cn_44
3270791,cn
3268018,cn
3268025,cn
3268039,cn_44
3268046,cn_33
3268053,cn_44
3268060,cn_44
3268067,cn_44
3268074,cn_32
3268081,cn
3268088,cn_44
3270798,cn
3268095,cn_33
3268102,cn_44
3268109,cn_44
3268116,cn_35
3268128,cn
3270805,cn
3268142,cn_11
3270812,cn_35
3268149,cn_33
3268156,cn_44
3268163,cn_44
3268170,cn_33
3268177,cn_44
3268184,cn_33
3268191,cn_32
3268198,cn_32
3268205,cn_32
3268212,cn_32
3268219,cn_44
3268226,cn_33
3268233,cn_33
3268240,cn_44
3268247,cn_33
3270819,cn
3268254,cn_44
3270826,cn_33
3270833,cn_35
3268268,cn
3268275,cn
3268282,cn_44
3268289,cn
3268296,cn_44
3268303,cn_33
3268310,cn_32
3268317,cn_33
3268324,cn_33
3268331,cn_44
3268345,cn
3268352,cn_33
3268359,cn_44
3268366,cn
3270840,cn
3270847,cn_44
3268373,cn_35
3270854,cn
3268380,cn_44
3268387,cn_44
3268394,cn_44
3268401,cn_44
3268408,cn_43
3268422,cn_33
3268429,cn_44
3268436,cn
3268443,cn_44
3268450,cn_44
3268457,cn
3268471,cn_44
3268478,cn
3268485,cn_44
3268492,cn_32
3268499,cn_44
3268506,cn_44
3268513,cn_44
3268520,cn
3268527,cn_44
3268534,cn_32
3268541,cn_35
3268555,cn_32
3268562,cn
3268569,cn_33
3270861,cn
3268576,cn_32
3268583,cn_44
3268590,cn_35
3268597,cn_33
3268604,cn
3268611,cn
3268618,cn
3268625,cn_44
3268632,cn_44
3268639,cn_44
3268646,cn_32
3268653,cn_32
3268660,cn_44
3268667,cn_32
3268674,cn_32
3268681,cn_44
3268695,cn_33
3268702,cn_33
3268709,cn_44
3270868,cn_44
3268716,cn_44
3268723,cn
3270875,cn_44
3268730,cn_32
3270882,cn_33
3268737,cn_44
3268744,cn_32
3268751,cn_35
3268758,cn_44
3268765,cn_44
3268772,cn_35
3268779,cn_44
3268786,cn_35
3268793,cn_35
3268800,cn
3268807,cn_44
3268814,cn_44
3268821,cn_32
3268828,cn_44
3268835,cn_33
3270889,cn_33
3268842,cn_44
3268849,cn_44
3270896,cn_33
3268856,cn_35
3270903,cn
3268863,cn_44
3268870,cn_44
3268877,cn_32
3268884,cn_33
3268891,cn_44
3268898,cn_44
3268905,cn_44
3268912,cn_44
3268926,cn_32
3268933,cn_14
3268940,cn_32
3268947,cn_33
3268954,cn_44
3268968,cn
3268975,cn_44
3268982,cn_44
3270910,cn
3268989,cn_44
3270917,cn_44
3268996,cn_44
3269003,cn_44
3270924,cn_32
3270931,cn
3269010,cn_44
3269017,cn_44
3270938,cn
3269024,cn_33
3270945,cn_44
3269031,cn_13
3269038,cn_44
3269045,cn_44
3270952,cn
3269052,cn_44
3269066,cn
3269073,cn_36
3269080,cn_44
3270959,cn_44
3269087,cn_44
3269094,cn_44
3269101,cn_33
3270966,cn_32
3269108,cn
3270973,cn_44
3269115,cn_32
3269122,cn_44
3269129,cn_44
3269136,cn_44
3269143,cn_44
3269150,cn
3269157,cn_35
3269164,cn_32
3269171,cn_44
3269185,cn_44
3269192,cn_44
3269199,cn_32
3269206,cn
3269213,cn_32
3269220,cn_33
3269227,cn_44
3269234,cn
3269241,cn_44
3269248,cn_33
3269255,cn_33
3269262,cn
3269276,cn
3269283,cn_44
3270987,cn_41
3269290,cn_43
3269297,cn_50
3269304,cn
3269311,cn_35
3269318,cn_53
3269325,cn_23
3269339,cn_21
3269346,cn_44
3269360,cn_44
3269367,cn
3269374,cn_36
3269381,cn_33
3269388,cn_21
3269402,cn
3269416,cn_23
3269423,cn_42
3269430,cn_11
3269437,cn_61
3269444,cn_50
3269451,cn_53
3269458,cn_43
3269465,cn_36
3269479,cn_44
3269486,cn_44
3269493,cn_44
3269500,cn_33
3269507,cn_35
3269514,cn_32
3269521,cn
3269528,cn_13
3269535,cn
3269542,cn_44
3269549,cn_44
3269556,cn_12
3269563,cn_50
3269570,cn_32
3269577,cn_44
3269584,cn_33
3269591,cn
3269605,cn_44
3269612,cn_44
3269619,cn_62
3269626,cn_44
3270994,cn_33
3269633,cn_32
3269640,cn
3269647,cn_12
3269654,cn
3269668,cn_50
3269675,cn_44
3271001,cn_44
3269682,cn
3269689,cn_21
3269696,cn
3271008,cn_12
3269703,cn_13
3269710,cn
3271015,cn_65
3269717,cn_64
3269724,cn
3269731,cn_45
3269738,cn_44
3269745,cn_35
3269752,cn_34
3269759,cn_44
3269766,cn_33
3269773,cn_44
3269780,cn_44
3269787,cn
3269794,cn
3269801,cn_44
3269808,cn
3269815,cn_44
3269822,cn_33
3269829,cn
3269843,cn_33
3269850,cn_44
3269857,cn_44
3269864,cn
3269871,cn_32
3271022,cn_44
3269885,cn
3271029,cn_42
3271036,cn_34
3269892,cn_12
3269899,cn_12
3269906,cn
3269913,cn_33
3271043,cn_33
3269920,cn_44
3271050,cn_44
3269927,cn_44
3269934,cn_44
3269941,cn_11
3269948,cn_44
3271057,cn_33
3269962,cn_32
3269969,cn
3271064,cn
3271071,cn_13
3271078,cn_61
3271085,cn_21
3271092,cn_41
3271099,cn
3271106,cn_64
3271113,cn_32
3271120,cn
3271127,cn_13
3269976,cn_35
3269983,cn_32
3269990,cn_44
3271134,cn
3269997,cn_44
3270004,cn_44
3270011,cn
3271141,cn
3270018,cn
3270025,cn_12
3270032,cn_13
3270039,cn_13
3270046,cn_13
3270053,cn_44
3270060,cn_44
3270067,cn_44
3270074,cn
3270081,cn
3270088,cn_44
3270102,cn_32
3270109,cn
3270116,cn
3270123,cn_44
3270130,cn_44
3270137,cn_44
3270144,cn
3271153,cn_44
3270151,cn_44
3270158,cn
3270165,cn
3270172,cn
3270179,cn_50
3270186,cn_35
3271160,cn_44
3270200,cn_44
3270207,cn_44
3270214,cn_41
3270221,cn
3270228,cn
3271167,cn_44
3270235,cn
3270242,cn_33
3271174,cn
3271181,cn_50
3271188,cn
3271195,cn_44
3270249,cn_35
3279718,cn_13
3274674,cn
3274681,cn_44
3274688,cn_32
3274695,cn
3274702,cn_32
3274709,cn_44
3274716,cn
3274730,cn_44
3274751,cn_44
3274758,cn
3274765,cn_61
3274772,cn_44
3274779,cn_41
3274786,cn_41
3274793,cn_41
3274807,cn_64
3274814,cn_13
3274821,cn
3274828,cn_61
3274835,cn_41
3274842,cn
3274849,cn
3274856,cn_64
3274863,cn_44
3274870,cn_21
3274877,cn_64
3274884,cn_61
3274891,cn_44
3274898,cn_44
3274905,cn_44
3279732,cn
3274912,cn
3274919,cn
3274926,cn
3274933,cn_44
3274940,cn_44
3274947,cn_44
3274954,cn
3274961,cn
3274968,cn
3274975,cn_44
3274982,cn_35
3274989,cn_32
3274996,cn_33
3275003,cn
3275010,cn_44
3275024,cn_44
3275031,cn_11
3275045,cn
3275052,cn_44
3275059,cn_44
3275066,cn
3275073,cn_44
3275080,cn_35
3275087,cn_44
3275101,cn_44
3275108,cn
3275115,cn
3275122,cn
3275129,cn_32
3275136,cn_44
3275143,cn
3275150,cn_44
3275157,cn
3275164,cn_32
3275171,cn_44
3275178,cn
3275185,cn_33
3275192,cn
3279739,cn
3275206,cn_44
3275220,cn_44
3275227,cn
3275234,cn
3275241,cn
3275248,cn
3275262,cn
3279746,cn
3275269,cn
3275276,cn
3275283,cn
3275290,cn
3275297,cn
3275304,cn
3275311,cn
3275318,cn
3275325,cn
3275337,cn
3275344,cn
3275351,cn
3275358,cn
3275365,cn
3275372,cn
3275379,cn
3275386,cn
3275393,cn
3275400,cn
3275407,cn
3275414,cn
3275421,cn
3275428,cn
3275435,cn
3275442,cn
3275449,cn
3275456,cn
3275463,cn
3275470,cn
3275477,cn
3275484,cn
3279753,cn
3275498,cn
3279760,cn
3275505,cn
3279767,co
3275547,co
3279795,co
3275582,cr
3279802,cr
3275589,cr
3275631,cz
3275694,cz
3275729,do
3275743,ec
3275750,ec
3275757,ec
3275778,ec
3275785,ec
3279830,sv
3279837,sv
3275792,sv
3279844,sv
3275799,sv
3275806,sv
3275813,sv
3275862,fr
3275883,fr
3275918,fr
3275925,fr
3275994,fr
3276029,fr
3276043,fr
3276057,fr
3276085,fr
3276120,fr
3276162,fr
3276190,fr
3276204,fr
3276211,fr
3276218,fr
3276281,fr
3276344,fr
3276358,fr
3276441,fr
3276490,fr
3276525,fr
3276560,fr
3276693,fr
3276721,fr
3276756,fr
3276784,fr
3276993,fr
3277147,fr
3277182,fr
3277210,fr
3277301,fr
3280194,fr
3277350,fr
3277392,fr
3277434,fr
3277651,fr
3277735,fr
3277812,de
3277819,de
3277833,de
3277840,de
3277854,de
3277861,de
3277882,de
3280271,de
3277896,de
3277910,de
3277931,de
3277938,de
3277945,de
3277959,de
3277966,de
3277973,de
3277987,de
3278388,de
3280278,de
3278015,de
3278022,de
3278036,de
3278078,de
3278092,de
3278127,de
3278141,de
3278148,de
3278155,de
3278162,de
3278169,de
3278190,de
3280285,de
3278197,de
3278204,de
3278211,de
3278225,de
3278239,de
3278260,de
3278281,de
3278288,de
3278295,de
3278302,de
3278316,de
3278323,de
3278330,de
3278337,de
3278344,de
3278351,de
3278358,de
3278365,de
3278379,de
3280306,de
3279627,ie
3279634,ie
3279662,it
3279676,it
3279690,it
3279116,hk
3279151,hk
3279158,hk
3279165,hk
3279172,hk
3279200,hk
3279228,hk
3279235,hk
3279242,hk
3279256,hk
3280747,hk
3279263,hk
3279270,hk
3279277,hk
3279326,hk
3279361,hk
3279375,hu
3279382,in
3280789,in
3279389,in
3279396,in
3279403,in
3279417,in
3279424,in
3279431,in
3279445,in
3280796,in
3279452,in
3280803,in
3279459,in
3280810,in
3279466,in
3279487,in
3279494,in
3280817,in
3280824,in
3279515,in
3279522,in
3279529,in
3279536,in
3279543,in
3279557,id
3279564,id
3279571,id
3279578,id
3279585,id
3280838,id
3279592,id
3279599,id
3279606,id
3279613,id
3279620,id
3280859,ie
3280313,de
3278409,de
3278430,de
3278472,de
3278486,de
3278493,de
3278500,de
3280334,de
3278535,de
3278556,gr
3280341,gt
3278563,gt
3280348,gt
3278577,gt
3278584,hn
3280362,hn
3278591,hn
3280376,hn
3278598,hn
3278605,hn
3278612,hk
3280411,hk
3278633,hk
3278640,hk
3278654,hk
3278661,hk
3278675,hk
3278703,hk
3278745,hk
3280544,hk
3278829,hk
3280579,hk
3278913,hk
3278934,hk
3280600,hk
3278955,hk
3278990,hk
3280642,hk
3279004,hk
3279025,hk
3279032,hk
3279039,hk
3280663,hk
3279053,hk
3279060,hk
3284542,it
3284549,it
3284612,it
3284626,it
3284654,it
3284710,it
3284745,it
3284752,it
3284780,it
3284829,it
3284878,it
3284913,it
3284962,it
3284969,it
3284990,it
3285004,it
3285018,it
3285053,it
3285067,it
3285081,it
3285116,it
3285137,it
3285144,it
3285207,it
3285263,it
3285277,it
3285284,it
3285312,jp
3285340,jp
3285347,jp
3285389,jp
3285396,jp
3285403,jp
3285410,jp
3285438,jp
3285452,jp
3285459,jp
3285473,jp
3285480,jp
3285487,jp
3285529,jp
3285543,jp
3285550,jp
3285571,jp
3285578,jp
3285592,jp
3285599,jp
3285606,jp
3285613,jp
3285620,jp
3285627,jp
3285634,jp
3285648,jp
3285655,jp
3285669,jp
3285676,jp
3285683,jp
3285697,jp
3285711,jp
3285718,jp
3285725,jp
3285739,jp
3285753,jp
3285760,jp
3285788,jp
3285795,jp
3285802,jp
3285830,jp
3285851,jp
3285872,jp
3285879,jp
3285886,jp
3285893,jp
3285907,jp
3285914,jp
3285921,jp
3285935,jp
3285942,jp
3285949,jp
3285956,jp
3285963,jp
3285970,jp
3285991,jp
3286005,jp
3286012,jp
3286019,jp
3286040,jp
3286061,jp
3286075,jp
3286089,jp
3286096,jp
3286103,jp
3286117,jp
3286131,jp
3286152,jp
3286159,jp
3286166,jp
3286173,jp
3286180,jp
3286194,jp
3286201,jp
3286208,jp
3286229,jp
3286250,jp
3286257,jp
3286278,jp
3286285,jp
3286299,jp
3286306,jp
3286320,jp
3286327,jp
3286348,jp
3286390,jp
3286404,jp
3286411,jp
3286432,jp
3286439,jp
3286446,jp
3286467,jp
3286481,jp
3286488,jp
3286495,jp
3286502,jp
3286509,jp
3286523,jp
3286530,jp
3286593,jp
3286600,jp
3286607,jp
3286621,jp
3286628,jp
3286635,jp
3286642,jp
3286649,jp
3286677,jp
3286698,jp
3286712,jp
3286719,jp
3286740,jp
3286747,jp
3286761,jp
3286768,jp
3286775,jp
3286782,jp
3286789,jp
3286803,jp
3286824,jp
3286831,jp
3286859,jp
3286866,jp
3286873,jp
3286915,jp
3286922,jp
3286936,jp
3286943,jp
3286950,jp
3286964,jp
3286971,jp
3286978,jp
3286992,jp
3286999,jp
3287006,jp
3287013,jp
3287034,jp
3287041,jp
3287048,jp
3287055,jp
3287062,jp
3287069,jp
3287076,jp
3287083,jp
3287090,jp
3287097,jp
3287111,jp
3287125,jp
3287132,jp
3287139,jp
3287146,jp
3287153,jp
3287160,jp
3287167,jp
3287181,jp
3287195,jp
3287202,jp
3287209,jp
3287223,jp
3287258,jp
3287265,jp
3287272,jp
3287293,jp
3287328,jp
3287335,jp
3287342,jp
3287349,jp
3287370,jp
3287391,jp
3287426,jp
3287433,jp
3287454,jp
3287461,jp
3287482,jp
3287489,jp
3287496,jp
3287503,jp
3287510,jp
3287524,jp
3287531,jp
3287552,jp
3287559,jp
3287580,jp
3287587,jp
3287594,jp
3287601,jp
3287614,jp
3287621,jp
3287628,jp
3287635,jp
3287636,jp
3287643,jp
3287657,jp
3287664,jp
3287678,jp
3287685,jp
3287699,jp
3287706,jp
3287720,jp
3287734,jp
3287741,jp
3287769,jp
3287776,jp
3287783,jp
3287790,jp
3287804,jp
3287811,jp
3287825,jp
3287832,jp
3287839,jp
3287853,jp
3287860,jp
3287874,jp
3287881,jp
3287888,jp
3287895,jp
3287902,jp
3287916,jp
3287923,jp
3287930,jp
3287958,jp
3287965,jp
3287972,jp
3287979,jp
3288000,jp
3288007,jp
3288014,jp
3288021,jp
3288028,jp
3288035,jp
3288042,jp
3288049,jp
3288056,jp
3288063,jp
3288070,jp
3288091,jp
3288105,jp
3288112,jp
3288119,jp
3288147,jp
3288154,jp
3288181,jp
3288188,jp
3288202,jp
3288230,jp
3288237,jp
3288265,jp
3288272,jp
3288300,jp
3288314,jp
3288335,jp
3288391,jp
3288398,jp
3288419,jp
3288447,jp
3288475,jp
3288482,jp
3288510,jp
3288517,jp
3288531,jp
3288538,jp
3288552,jp
3288566,jp
3288573,jp
3288587,jp
3288594,jp
3288608,jp
3288615,jp
3288622,jp
3288636,jp
3288657,jp
3288664,jp
3288671,jp
3288699,jp
3288706,jp
3288713,jp
3288727,jp
3288734,jp
3288741,jp
3288797,kz
3288804,kr
3288818,kr
3288825,kr
3288846,kr
3288853,kr
3288867,kr
3288888,kr
3288895,kr
3288902,kr
3288923,kr
3288951,kr
3288965,kr
3288972,kr
3288979,kr
3288986,kr
3288993,kr
3289000,kr
3289007,kr
3289014,kr
3289021,kr
3289028,kr
3289035,kr
3289042,kr
3289049,kr
3289070,kr
3289077,kr
3289084,kr
3289091,kr
3289126,kr
3289133,kr
3289140,kr
3289154,kr
3289217,kr
3289224,kr
3289231,kr
3289245,kr
3289266,kr
3289273,kr
3289287,kr
3289294,kr
3289301,kr
3289322,lu
3289329,mo
3289336,mo
3289357,my
3289364,my
3289371,my
3289385,mx
3289406,mx
3289413,mx
3289427,mx
3289434,mx
3293440,jp
49479,jp
3289495,it
3289530,it
3289550,jp
3289571,jp
3289585,jp
3289598,jp
3289605,jp
3289612,jp
3289619,jp
3289626,jp
3289633,jp
3289654,jp
3289682,jp
3289710,jp
3289717,jp
3289724,jp
3289744,jp
3289806,jp
3289813,jp
3289820,jp
3289834,jp
3289855,jp
3289883,jp
3289890,jp
3289897,jp
3289918,jp
3289925,jp
3289932,jp
3289939,jp
3289946,jp
3289981,jp
3289988,jp
3290002,jp
3290009,jp
3290037,jp
3290044,jp
3290051,jp
3290058,jp
3290065,jp
3290072,jp
3290079,jp
3290100,jp
3290114,jp
3290121,jp
3290135,jp
3290142,jp
3290149,jp
3290170,jp
3290177,jp
3290184,jp
3290191,jp
3290219,jp
3290233,jp
3290240,jp
3290247,jp
3290254,jp
3290261,jp
3290275,kr
3290282,kr
3290303,kr
3290317,kr
3290338,kr
3290352,kr
3290387,kr
3290422,kr
3290436,kr
3290443,mo
3290450,mo
3290457,mg
3290485,my
3290492,mx
3290499,mx
3290527,mx
3290553,mx
3290560,mx
3290581,mx
3290588,mx
3300311,us_ca
3296868,tr
3296875,tr
3296889,ae_du
3296896,gb
3299456,gb
3296917,gb
3296924,gb
3296945,gb
3296952,gb
3296980,gb
3296987,gb
3297008,gb
3299519,gb
3299526,gb
3299568,gb
3299603,gb
3297119,gb
3297175,gb
3297196,gb
3299666,gb
3297217,gb
3297259,gb
3297273,gb
3297315,gb
3297322,gb
3299771,gb
3297385,gb
3297392,gb
3297406,gb
3299792,gb
3297413,gb
3297476,gb
3299841,gb
3297525,gb
3297546,gb
3297553,gb
3299925,gb
3297665,gb
3299967,gb
3299988,us_oh
3297714,us_pa
3297728,us_ca
3297735,us_mt
3297742,us_ca
3297763,us_nv
3297854,us_nj
3297861,us_wi
3300044,us_ca
3297937,us_nc
3297986,us_ca
3298056,us_fl
3298098,us_fl
3298119,us_nc
3298147,us_ca
3300176,us_il
3300211,us_ca
3298182,us_mi
3298196,us_ca
3298217,us_tx
3300246,us_nc
3298252,us_il
3300274,us_ks
3298294,us_ca
3300281,us_pa
3298357,us_mo
3295830,lk
3295837,lk
3295893,ch
3295970,tw
3295977,tw
3295991,tw
3299112,tw
3295998,tw
3296005,tw
3296012,tw
3299126,tw
3296019,tw
3296026,tw
3296033,tw
3296040,tw
3296047,tw
3296054,tw
3296061,tw
3296068,tw
3299133,tw
3299140,tw
3296082,tw
3299147,tw
3296096,tw
3296103,tw
3296110,tw
3299154,tw
3296117,tw
3296124,tw
3296131,tw
3296138,tw
3296145,tw
3296152,tw
3296159,tw
3296166,tw
3296173,tw
3296180,tw
3299168,tw
3299175,tw
3296187,tw
3296194,tw
3299182,tw
3296201,tw
3299189,tw
3296214,tw
3296221,tw
3299196,tw
3296228,tw
3299203,tw
3296235,tw
3296242,tw
3296249,tw
3296256,tw
3296263,tw
3296270,tw
3296277,tw
3296284,tw
3299224,tw
3296291,tw
3296298,tw
3296305,tw
3296312,tw
3296319,tw
3296326,tw
3296333,tw
3296340,tw
3296347,tw
3296354,tw
3299231,tw
3299238,tw
3299245,tw
3296361,tw
3296368,tw
3296375,tw
3296382,tw
3296389,tw
3299252,tw
3296403,tw
3296410,tw
3296417,tw
3296424,tw
3299259,tw
3299266,tw
3299273,tw
3296431,tw
3296445,tw
3296452,tw
3296459,tw
3296466,tw
3296473,tw
3296480,tw
3296487,tw
3296494,tw
3296501,tw
3296515,tw
3296522,tw
3296529,tw
3296536,tw
3296543,tw
3296550,tw
3296571,tw
3296592,th
3296599,th
3296606,th
3296627,th
3296634,th
3296672,th
3296686,th
3299343,th
3299350,th
3296707,th
3296714,th
3299369,th
3296763,tr
3299383,tr
3296770,tr
3296784,tr
3296791,tr
3296798,tr
3299400,tr
3299407,tr
3299414,tr
3299421,tr
3296819,tr
3299428,tr
3296826,tr
3296833,tr
3299435,tr
3296840,tr
3296847,tr
3299442,tr
3296854,tr
3294109,mx
3294116,mx
3298391,mx
3298398,mx
3298405,mx
3298419,mx
3294137,mx
3298426,mx
3298433,mx
3298447,mx
3294165,nl
3294193,nl
3294235,nl
3294242,nl
3294298,nl
3298496,nl
3298538,nz
3294403,pe
3294417,pe
3294431,pe
3294438,pe
3298552,pe
3298566,ph
3294445,ph
3298573,ph
3298580,ph
3294452,ph
3298587,ph
3294473,ph
3294487,ph
3298594,ph
3298601,ph
3294494,ph
3294501,ph
3294508,pl
3294536,pl
3294543,pl
3294550,pl
3298643,pl
3294571,pl
3294578,pl
3294613,pl
3294620,pl
3294669,pl
3294676,pl
3298671,pl
3298678,pl
3294690,pl
3294711,pl
3294718,pl
3294753,pl
3294781,pl
3294788,pl
3294823,pl
3294830,pl
3294872,pt
3294879,pt
3294886,pt
3294900,pt
3294907,pt
3298811,pt
3294914,pt
3294928,pt
3294935,pt
3294942,pt
3294949,pt
3294956,pt
3294963,pt
3294970,pt
3294977,pt
3294984,pt
3295005,pt
3295012,pt
3295026,pt
3295040,pt
3298825,pt
3298832,pt
3295054,pt
3295061,pt
3295068,pt
3295075,pt
3295082,pt
3295089,pt
3295096,pt
3295103,pt
3295110,pt
3295117,pt
3295124,pt
3298839,pt
3295138,pt
3295180,ro
3295229,ru
3298881,ru
3295243,ru
3295250,ru
3295257,ru
3295278,ru
3298909,ru
3295306,sg
3295327,sg
3298937,sg
3295362,sg
3298958,sg
3298972,sg
3298993,si
3299014,es
3299042,es
3295627,es
3295648,es
3295669,es
3295683,es
3295690,es
3295704,es
3295725,es
3299063,es
3295767,es
3295781,es
3303896,us_wi
3303966,us_ca
3303980,us_nc
3304008,us_tx
3304022,us_il
3304062,us_pa
3304069,us_ny
3304090,us_pa
3304097,us_ca
3304111,us_fl
3304118,us_in
3304125,us_ca
3304174,us_fl
3304181,us_wi
3304223,us_ca
3304286,us_ky
3304314,us_ca
3304328,us_ca
3304467,us_nc
3304556,us_fl
3304563,us_ca
3304584,us_sc
3304605,us_az
3304626,us_ca
3304640,us_oh
3304654,us_ca
2241795,us_il
3304681,us_oh
3304737,us_nc
3304751,us_oh
3304758,us_ca
3304779,us_ca
3304800,us_fl
3304842,us_fl
3304856,us_fl
3304863,us_pa
3304877,us_fl
3304898,us_ca
3304938,us_fl
3305008,us_ca
3305022,us_ca
3305029,us_ca
3305063,us_ks
3305070,us_ca
3305147,us_hi
3305168,us_or
3307850,us_tn
3307906,us_ma
3307955,us_nc
3307990,us_ma
3308053,us_ca
3308144,us_fl
3308158,us_il
3308234,us_pa
3308255,us_ca
3308276,us_il
3308338,us_hi
3308489,us_ny
3308496,us_wa
3308531,us_ca
3305223,us_tx
3308559,us_wi
3305244,us_ms
3308566,us_tn
3308580,us_il
3308587,us_ca
3305291,us_ky
3308614,us_tn
3308634,us_ca
3305347,us_ca
3305354,us_fl
3305431,us_ca
3308678,us_ca
3305494,us_ny
3305522,us_fl
3305529,us_mo
3308741,us_wi
3305550,us_nc
3305578,us_fl
3305592,us_mo
3308762,us_oh
3305606,us_ca
3308790,us_ca
3308811,us_fl
3305655,us_fl
3305662,us_il
3308846,us_ga
3305732,us_fl
3305753,us_ri
3305767,us_il
3308888,us_fl
3305816,us_va
3305830,us_ca
3305844,us_ca
3305851,us_il
3305879,us_ny
3308936,us_ca
3308943,us_ca
3306027,us_sc
3306104,us_md
3306118,us_ky
3306125,us_tx
3308992,us_tx
3306132,us_ca
3309006,us_oh
3309020,us_ma
3309027,us_in
3309048,us_wa
3306272,us_mn
3306300,us_tx
3309132,us_pa
3306426,us_fl
3306454,us_ca
3306461,us_pa
3306468,us_ca
3306482,us_oh
3309174,us_nh
3306517,us_ca
3309202,us_ri
3306559,us_fl
3306566,us_ny
3309230,us_il
3306629,us_pa
3309244,us_ca
3309272,us_ia
3306685,us_ga
3306720,us_ca
3306734,us_md
3306769,us_fl
3306790,us_mn
3306797,us_nj
3306811,us_tx
3306839,us_mo
3306860,us_il
3306867,us_fl
3306874,us_il
3306881,us_co
3309383,us_ca
3309404,us_wi
3306998,us_or
3307012,us_sc
3309439,us_il
3307061,us_il
3307103,us_pa
3309495,us_il
3309502,us_il
3307159,us_tn
3307173,us_ca
3307180,us_il
3307194,us_fl
3307278,us_ny
3309642,us_or
3309675,us_tn
3307486,us_fl
3307493,us_pa
3309794,us_ca
3307528,us_fl
3307542,us_ca
3307556,us_ca
3309829,us_ga
3307570,us_ca
3307584,us_ia
3307591,us_oh
3309948,us_ca
3307731,us_ca
3307738,us_co
3307759,us_ca
3307773,us_il
3256153,be
3258258,cn
3260000,cn
3296861,tr
3298804,pl
3299000,za
3298846,pt
3310753,us_ca
3309989,us_nc
3309975,us_il
3309982,us_hi
3309968,us_il
3309955,us_mn
3309941,us_mo
3309906,us_sc
3309885,us_ri
3309864,us_mo
3309857,us_tn
3309822,us_fl
3309787,us_sc
3309780,us_ca
3309745,us_mo
3309689,us_al
3309696,us_fl
3309621,us_nj
3309628,us_nj
3309593,us_ca
3309565,us_il
3309558,us_ca
3309551,us_il
3309530,us_co
3309537,us_fl
3309516,us_mo
3309418,us_ca
3309369,us_ca
3309341,us_ga
3309307,us_oh
3309300,us_ga
3309258,us_ny
3309223,us_ga
3309216,us_ca
3309209,us_fl
3309181,us_nc
3309146,us_ca
3309139,us_tx
3309125,us_fl
3309097,us_ga
3309083,us_ma
3309062,us_nj
3309041,us_ca
3309034,us_fl
3308971,us_nv
3308950,us_ct
3308929,us_mi
3308922,us_ca
3308902,us_mn
3308867,us_ma
3308853,us_il
3308839,us_il
3308825,us_fl
3308734,us_nc
3308713,us_nv
3308685,us_ca
3308503,us_nc
3308475,us_il
3308407,us_oh
3308400,us_ma
3308393,us_tx
3308352,us_fl
3308359,us_ca
3308345,us_ca
3308324,us_fl
3308310,us_ca
3308283,us_il
3308248,us_ar
3308241,us_tx
3308220,us_ca
3308130,us_mi
3308109,us_ri
3308102,us_nc
3308088,us_ca
3308067,us_wa
3308060,us_mn
3308025,us_ca
3308018,us_il
3308004,us_il
3308011,us_pa
3307962,us_ca
3307864,us_fl
3307822,us_ny
3307815,us_ks
3307794,us_ca
3307724,us_fl
3307717,us_fl
3307661,us_wy
3307668,us_ca
3307654,us_ri
3307612,us_fl
3307514,us_mo
3307500,us_il
3307479,us_fl
3307437,us_ca
3307409,us_ky
3307381,us_wa
3307367,us_mn
3307360,us_tx
3307346,us_tx
3307339,us_il
3307332,us_nc
3307285,us_ri
3307292,us_fl
3307271,us_fl
3307236,us_il
3307166,us_tx
3307096,us_mn
3307033,us_il
3307005,us_or
3306958,us_il
3306944,us_tn
3306909,us_mt
3306902,us_pa
3306853,us_ca
3306846,us_ri
3306755,us_oh
3306748,us_nj
3306727,us_ga
3306713,us_in
3306692,us_tx
3306615,us_il
3306601,us_ca
3306587,us_fl
3306552,us_tx
3306545,us_ca
3306531,us_tn
3306503,us_sc
3306475,us_oh
3306433,us_ca
3306440,us_il
3306398,us_wa
3306363,us_nj
3306370,us_va
3306335,us_ca
3306328,us_in
3306286,us_il
3306265,us_ky
3306251,us_il
3306223,us_wi
3306216,us_ca
3306188,us_ca
3306167,us_ca
3306111,us_il
3306083,us_ca
3306055,us_fl
3306041,us_tx
3306005,us_fl
3305998,us_me
3305970,us_il
3305963,us_ca
3305949,us_ks
3305914,us_fl
3305872,us_sc
3305858,us_ny
3305865,us_tx
3305809,us_ne
3305774,us_ny
3305760,us_ca
3305718,us_tx
3305690,us_oh
3305697,us_ca
3305627,us_fl
3305613,us_ca
3305585,us_ut
3305466,us_ky
3305417,us_co
3305340,us_ca
3305277,us_ca
3305258,us_nj
3305209,us_va
3305182,us_mo
3305154,us_il
3305140,us_ca
3305112,us_ca
3305084,us_mn
3305049,us_mo
3305015,us_ny
3304994,us_ca
3304952,us_nj
3304931,us_nv
3304912,us_ut
3304891,us_fl
3304870,us_ca
3304730,us_ga
3304723,us_oh
3304709,us_in
3304661,us_il
3304633,us_nj
3304598,us_ca
3304577,us_az
3304542,us_nv
3304535,us_ca
3304481,us_co
3304488,us_pa
3304474,us_tx
3304397,us_ca
3304404,us_ks
3304376,us_fl
3304369,us_nj
3304335,us_wi
3304272,us_il
3304251,us_tn
3304202,us_fl
3304153,us_ca
3304139,us_tn
3304146,us_ca
3304132,us_pa
3304083,us_ca
3304055,us_ct
3304036,us_in
3304043,us_ga
3303952,us_ga
3303910,us_ca
3303917,us_fl
3303903,us_ca
3300239,us_nc
3300218,us_fl
3300128,us_fl
3300121,us_fl
3300100,us_il
3300065,us_ca
3299890,gb
3299631,gb
3299589,gb
3299294,tw
3299280,tw
3299287,tw
3299210,tw
3299217,tw
3299161,tw
3299119,tw
3299084,lk
3299056,es
3299028,es
3298986,sk
3298979,sg
3298874,ru
3298818,pt
3298797,pl
3298741,pl
3298692,pl
3298657,pl
3298664,pl
3298629,pl
3298608,ph
3298559,pe
3298531,nl
3298517,nl
3298503,nl
3298510,nl
3298378,us_wa
3298371,us_il
3298343,us_oh
3298336,us_mi
3298329,us_ca
3298322,us_fl
3298280,us_mi
3298238,us_mo
3298224,us_ca
3298210,us_ny
3298161,us_me
3298154,us_wi
3298133,us_fl
3298070,us_fl
3298035,us_ca
3298014,us_il
3297958,us_fl
3297944,us_tx
3297916,us_ny
3297889,us_tn
3297868,us_ca
3297840,us_fl
3297784,us_az
3297777,us_ca
3297693,gb
3297371,gb
3297245,gb
3297231,gb
3297161,gb
3297091,gb
3296973,gb
3296777,tr
3296728,tn
3296578,tw
3296564,tw
3296557,tw
3296438,tw
3296396,tw
3296089,tw
3296075,tw
3295984,tw
3295963,ch
3295872,se
3295858,se
3295774,es
3295746,es
3295565,es
3295516,si
3295502,si
3295292,sg
3295264,ru
3295236,ru
3295222,ru
3295201,ru
3295208,ru
3295194,ro
3295145,pt
3295131,pt
3295047,pt
3295033,pt
3295019,pt
3294991,pt
3294998,pt
3294921,pt
3294893,pt
3294865,pl
3294851,pl
3294858,pl
3294837,pl
3294802,pl
3294767,pl
3294725,pl
3294697,pl
3294704,pl
3294655,pl
3294634,pl
3294641,pl
3294592,pl
3294585,pl
3294564,pl
3294515,pl
3294480,ph
3294459,ph
3294466,ph
3294410,pe
3294382,nz
3294354,nl
3294326,nl
3294319,nl
3294256,nl
3294200,nl
3294186,nl
3290574,mx
3290534,mx
3290429,kr
3290408,kr
3290415,kr
3290394,kr
3290401,kr
3290380,kr
3290373,kr
3290359,kr
3290366,kr
3290345,kr
3290331,kr
3290324,kr
3290310,kr
3290289,kr
3290296,kr
3290268,jp
3290226,jp
3290205,jp
3290212,jp
3290198,jp
3290163,jp
3290086,jp
3290023,jp
3290030,jp
3290016,jp
3289995,jp
3289974,jp
3289960,jp
3289911,jp
3289876,jp
3289862,jp
3289869,jp
3289848,jp
3289841,jp
3289827,jp
3289799,jp
3289785,jp
3289792,jp
3289772,jp
3289758,jp
3289765,jp
3289751,jp
3289703,jp
3289675,jp
3289647,jp
3289564,jp
3289557,jp
3289523,it
3289502,it
3289467,it
3289343,mg
3289308,kr
3289280,kr
3289259,kr
3289252,kr
3289238,kr
3289210,kr
3289196,kr
3289203,kr
3289189,kr
3289182,kr
3289168,kr
3289161,kr
3289147,kr
3289112,kr
3289105,kr
3289098,kr
3289063,kr
3289056,kr
3288958,kr
3288944,kr
3288937,kr
3288930,kr
3288916,kr
3288909,kr
3288881,kr
3288874,kr
3288860,kr
3288839,kr
3288832,kr
3288811,kr
3288692,jp
3288685,jp
3288678,jp
3288650,jp
3288629,jp
3288601,jp
3288559,jp
3288545,jp
3288524,jp
3288503,jp
3288496,jp
3288468,jp
3288461,jp
3288440,jp
3288426,jp
3288405,jp
3288412,jp
3288384,jp
3288377,jp
3288370,jp
3288363,jp
3288356,jp
3288349,jp
3288328,jp
3288321,jp
3288307,jp
3288293,jp
3288279,jp
3288258,jp
3288244,jp
3288251,jp
3288223,jp
3288209,jp
3288174,jp
3288161,jp
3288140,jp
3288133,jp
3288126,jp
3288098,jp
3288084,jp
3287993,jp
3287986,jp
3287951,jp
3287944,jp
3287937,jp
3287867,jp
3287846,jp
3287818,jp
3287797,jp
3287762,jp
3287755,jp
3287748,jp
3287727,jp
3287713,jp
3287692,jp
3287671,jp
3287650,jp
3287573,jp
3287538,jp
3287545,jp
3287517,jp
3287475,jp
3287419,jp
3287405,jp
3287412,jp
3287398,jp
3287377,jp
3287363,jp
3287356,jp
3287314,jp
3287307,jp
3287300,jp
3287279,jp
3287251,jp
3287237,jp
3287244,jp
3287230,jp
3287174,jp
3287118,jp
3287020,jp
3287027,jp
3286985,jp
3286929,jp
3286894,jp
3286901,jp
3286880,jp
3286887,jp
3286845,jp
3286852,jp
3286838,jp
3286796,jp
3286754,jp
3286733,jp
3286726,jp
3286705,jp
3286684,jp
3286670,jp
3286663,jp
3286579,jp
3286586,jp
3286565,jp
3286572,jp
3286558,jp
3286551,jp
3286544,jp
3286537,jp
3286516,jp
3286474,jp
3286460,jp
3286453,jp
3286418,jp
3286425,jp
3286397,jp
3286376,jp
3286362,jp
3286341,jp
3286313,jp
3286292,jp
3286271,jp
3286236,jp
3286243,jp
3286222,jp
3286215,jp
3286187,jp
3286145,jp
3286138,jp
3286124,jp
3286110,jp
3286068,jp
3286054,jp
3286047,jp
3286033,jp
3286026,jp
3285998,jp
3285977,jp
3285984,jp
3285928,jp
3285865,jp
3285858,jp
3285837,jp
3285844,jp
3285816,jp
3285823,jp
3285809,jp
3285781,jp
3285732,jp
3285704,jp
3285690,jp
3285662,jp
3285641,jp
3285557,jp
3285564,jp
3285536,jp
3285515,jp
3285501,jp
3285494,jp
3285466,jp
3285431,jp
3285417,jp
3285382,jp
3285368,jp
3285354,jp
3285333,jp
3285319,jp
3285326,jp
3285256,it
3285221,it
3285214,it
3285200,it
3285186,it
3285193,it
3285179,it
3285109,it
3285095,it
3285074,it
3285060,it
3285025,it
3284976,it
3284948,it
3284920,it
3284899,it
3284906,it
3284885,it
3284864,it
3284871,it
3284857,it
3284843,it
3284808,it
3284794,it
3284766,it
3284773,it
3284759,it
3284738,it
3284703,it
3284689,it
3284668,it
3284647,it
3284640,it
3284591,it
3284577,it
3280908,it
3280894,it
3280887,it
3280866,ie
3280873,il
3280852,ie
3280355,gt
3280320,de
3280327,de
3280299,de
3280292,de
3280208,fr
3280159,fr
3280117,fr
3280103,fr
3280068,fr
3280054,fr
3280047,fr
3280026,fr
3280012,fr
3279998,fr
3279928,fr
3279921,fr
3279893,fr
3279809,cz
3279816,cz
3279788,co
3279781,co
3279725,cn
3279704,it
3279683,it
3279669,it
3279648,it
3279480,in
3279473,in
3279410,in
3278997,hk
3278570,gt
3278528,de
3278521,de
3278507,de
3278479,de
3278458,de
3278465,de
3278444,de
3278416,de
3278423,de
3278402,de
3278372,de
3278309,de
3278274,de
3278267,de
3278253,de
3278246,de
3278232,de
3278218,de
3278176,de
3278134,de
3278120,de
3278113,de
3278085,de
3278071,de
3278057,de
3278050,de
3278043,de
3278029,de
3278008,de
3278001,de
3277994,de
3277980,de
3277924,de
3277917,de
3277903,de
3277875,de
3277847,de
3277826,de
3277791,fr
3277742,fr
3277665,fr
3277658,fr
3277588,fr
3277497,fr
3277469,fr
3277420,fr
3277378,fr
3277308,fr
3277287,fr
3277266,fr
3277196,fr
3277175,fr
3277154,fr
3277119,fr
3277084,fr
3277070,fr
3277063,fr
3276979,fr
3276986,fr
3276896,fr
3276854,fr
3276847,fr
3276798,fr
3276805,fr
3276700,fr
3276602,fr
3276532,fr
3276518,fr
3276504,fr
3276476,fr
3276427,fr
3276295,fr
3276183,fr
3276169,fr
3276141,fr
3276008,fr
3275939,fr
3275876,fr
3275764,ec
3275771,ec
3275736,ec
3275701,cz
3275708,dk
3275680,cz
3275687,cz
3275666,cz
3275673,cz
3275652,cz
3275659,cz
3275638,cz
3275645,cz
3275624,cz
3275610,cz
3275617,cz
3275596,cz
3275603,cz
3275575,co
3275554,co
3275561,co
3275568,co
3275540,co
3275519,co
3275526,co
3275512,co
3275213,cn
3275199,cn
3269059,cn
3268688,cn_44
3268464,cn
3268032,cn
3266402,cn_33
3259479,cn_44
3258697,ca
3258683,ca
3258620,ca
3258599,ca
3258606,ca
3258613,ca
3258592,ca
3258522,br
3258494,be
3258473,be
3258432,au
3258376,au
3258321,ar
3258314,ar
3256929,cl
3256901,cl
3256908,cl
3256887,cl
3256894,cl
3256838,cl
3256824,cl
3256789,cl
3256768,cl
3256719,ca
3256691,ca_bc
3256677,ca
3256622,ca_bc
3256587,ca_bc
3256545,ca_ab
3256517,ca_qc
3256496,ca
3256503,ca
3256475,ca
3256440,ca_bc
3256447,ca
3256426,ca
3256356,ca
3256251,br
3256139,be
3256118,be
3256125,be
3256090,be
3256062,be
3256069,be
3256055,be
3256034,be
3256013,be
3256020,be
3256027,be
3255991,be
3255970,be
3255949,be
3255926,be
3255885,be
3255857,at
3255808,au
3255787,au
3255598,au
3255577,au
3255514,ar
3255528,ar
3255486,ar
3255493,ar
3254242,vn
3254060,kr
3254046,kr
3254025,kr
3254011,kr
3253997,kr
3254004,kr
3253945,cn
3253604,vn
3253376,lk
3253362,lk
3253313,kr
3253292,kr
3253285,kr
3253252,vn
3253182,vn
3252955,cn
3252948,vn
3252927,jp
3252913,vn
3252465,gt
3250745,tn
3250731,tn
3250724,tn
3250710,rs
3250696,rs
3250703,rs
3250661,rs
3250640,ro
3250565,in
3250518,eg
3250483,hr
3250380,cn
3250153,tn
3250139,tn
3250111,tn
3250097,tn
3250090,tn
3250076,tn
3250062,tn
3250020,tn
3250013,tn
3249985,tn
3249992,tn
3249964,tn
3249950,tn
3249922,tn
3249908,tn
3249894,tn
3249866,tn
3249873,tn
3249859,tn
3249845,tn
3249817,tn
3249782,tn
3249775,tn
3249747,tn
3249733,tn
3249740,tn
3249726,tn
3249705,tn
3249677,tn
3249684,tn
3249663,tn
3249649,tn
3249635,tn
3249600,tn
3249544,tn
3249551,tn
3249523,tn
3249488,tn
3249460,tn
3249432,tn
3249439,tn
3249425,tn
3249404,tn
3249411,tn
3249383,rs
3249334,ro
3249341,ro
3249327,ro
3249313,ro
3249292,ro
3249278,ro
3249271,ro
3249257,ro
3249215,ro
3249222,ro
3249187,ro
3249168,ro
3249000,it
3248951,it
3248958,it
3248937,it
3248930,it
3248874,it
3248853,it
3248846,it
3248804,it
3248790,it
3248776,it
3248762,it
3248694,in
3248656,in
3248642,hu
3248630,eg
3248595,eg
3248471,cn
3248457,cn
3248354,cn
3248046,ba
3248029,bd
3247982,al
3247972,al
3245373,us_il
3245331,us_il
3245251,tr
3245199,tn
3245104,mk
3245066,it
3245073,it
3244961,in
3244912,gt
3244871,eg
3244854,eg
3244714,ca_qc
3244651,br
3244374,vn
3243993,us_tx
3243986,us_il
3243958,us_ny
3243930,us_tn
3243853,us_tx
3243762,tn
3243727,ro
3243720,ro
3243640,pk
3243570,md
3243563,md
3243329,mk
3243249,jp
3243242,it
3243197,it
3243183,it
3242710,gt
3242703,gt
3242596,co
3241849,cn_32
3241804,ca_qc
3241682,bg
3241408,ar
3241373,ar
3241358,ar
3241337,ar
3241344,ar
3240801,do
3240787,br
3231644,bg
3231504,bg
3231098,bg
3231070,ua
3231035,bg
3231042,it
3230686,bg
3230672,bg
3230665,gr
3230571,gr
3230487,ro
3230466,bg
3230396,it
3230340,bg
3230333,ro
3230298,tr
3230270,bg
3230067,bg
3229949,it
3229900,it
3229799,gr
3229656,gr
3229649,in
3229607,it
3229537,mk
3229474,bg
3228689,mk
3228696,mk
3228654,lk
3228612,it
3228570,lt
3228395,bg
3228297,it
3228283,bg
3228185,in
3227498,in
3227485,bg
3227450,pl
3227401,bg
3227394,tr
3227387,in
3227380,cn
3227303,it
3227275,tn
3227261,pl
3227247,vn
3227212,tn
3227205,ro
3227111,ua
3227090,it
3227055,it
3227020,it
3227006,cn
3226957,it
3226936,hr
3226908,it
3226880,cn
3226852,cn_33
3226838,it
3226824,cn
3226800,it
3226779,ro
3226765,it
3226695,bg
3226709,cn
3226660,it
3226639,pt
3226604,tr
3226583,it
3226548,it
3226489,it
3222770,ar
3220792,ua
3220512,se
3220498,kr
3220484,kr
3220421,it
3220407,it
3220400,it
3220379,it
3220015,cn_44
3219392,cn_32
3219329,cn_32
3219336,cn_32
3219252,bd
3219182,bd
3219096,bd
3099301,bg
3099313,bg
49753,jp
3309614,us_fl
3307997,us_tx
3306594,us_fl
3306538,us_tx
3306391,us_tx
3305620,us_ny
3304973,us_nc
3304744,us_oh
3304716,us_nj
3304612,us_tx
3304001,us_sc
3300260,us_wa
3300079,us_oh
3298105,us_ct
3298049,us_il
3258578,ca
3256754,ca
3256712,ca
3256656,ca
3256601,ca_ns
3256524,ca
3256482,ca
3240794,cn
3227359,cn
3299091,se
3299077,es
3298895,ru
3298888,ru
3298867,ru
3298790,pl
3298776,pl
3298783,pl
3298755,pl
3298727,pl
3298706,pl
3298713,pl
3298650,pl
3298622,pl
3298615,pl
3298468,nl
3298475,nl
3297015,gb
3296749,tn
3296508,tw
3295886,se
3295816,es
3295823,es
3295718,es
3295620,es
3295523,si
3295495,si
3295299,sg
3295271,ru
3295215,ru
3294809,pl
3294795,pl
3294739,pl
3294662,pl
3294648,pl
3294599,pl
3294424,pe
3294389,nz
3294375,nz
3290156,jp
3290128,jp
3290107,jp
3290093,jp
3289967,jp
3289953,jp
3289904,jp
3289737,jp
3289689,jp
3289661,jp
3289640,jp
3289578,jp
3289537,it
3289509,it
3289516,it
3289481,it
3289488,it
3289474,it
3289460,it
3289175,kr
3289119,kr
3288783,jp
3288776,jp
3288769,jp
3288755,jp
3288762,jp
3288720,jp
3288643,jp
3288580,jp
3288433,jp
3288342,jp
3288286,jp
3288216,jp
3288195,jp
3288077,jp
3287909,jp
3287566,jp
3287468,jp
3287440,jp
3287384,jp
3287321,jp
3287286,jp
3287216,jp
3287188,jp
3287104,jp
3286957,jp
3286817,jp
3286691,jp
3286656,jp
3286614,jp
3286383,jp
3286369,jp
3286355,jp
3286334,jp
3286264,jp
3286082,jp
3285774,jp
3285767,jp
3285746,jp
3285585,jp
3285522,jp
3285508,jp
3285445,jp
3285424,jp
3285375,jp
3285361,jp
3285291,it
3285298,it
3285270,it
3285242,it
3285249,it
3285228,it
3285235,it
3285172,it
3285165,it
3285151,it
3285123,it
3285088,it
3285046,it
3285032,it
3285039,it
3285011,it
3284997,it
3284983,it
3284955,it
3284941,it
3284927,it
3284934,it
3284892,it
3284850,it
3284836,it
3284822,it
3284815,it
3284801,it
3284787,it
3284731,it
3284724,it
3284717,it
3284696,it
3284682,it
3284675,it
3284661,it
3284633,it
3284598,it
3284605,it
3284584,it
3284570,it
3284556,it
3280915,it
3280901,it
3280880,il
3280831,in
3280782,hu
3280264,de
3280229,fr
3280236,fr
3280138,fr
3280124,fr
3280110,fr
3279991,fr
3279949,fr
3279886,fr
3279851,fr
3279774,co
3279711,it
3279697,it
3278549,gr
3278542,de
3278514,de
3278451,de
3278437,de
3278395,de
3278183,de
3278106,de
3277952,de
3277889,de
3277868,de
3277805,de
3277784,fr
3277707,fr
3277686,fr
3277644,fr
3277616,fr
3277518,fr
3277504,fr
3277371,fr
3277315,fr
3277294,fr
3277203,fr
3277161,fr
3276972,fr
3276965,fr
3276951,fr
3276923,fr
3276623,fr
3276588,fr
3276574,fr
3276386,fr
3276316,fr
3276274,fr
3276197,fr
3276106,fr
3276113,fr
3276092,fr
3276050,fr
3275987,fr
3275904,fr
3275869,fr
3275715,dk
3275722,dk
3275533,co
3266724,cn_44
3258501,be
3258452,at
3256915,cl
3256922,cl
3256880,cl
3256859,cl
3256845,cl
3256831,cl
3256803,cl
3256775,cl
3256782,cl
3256761,ca
3256111,be
3256104,be
3256083,be
3256076,be
3256041,be
3255998,be
3255977,be
3255963,be
3255919,be
3255843,at
3255850,at
3255815,at
3255822,at
3255521,ar
3253938,jp
3253369,lk
3252837,jp
3250738,tn
3250717,tn
3250682,rs
3250668,rs
3250675,rs
3250654,rs
3250614,it
3250586,it
3250593,it
3250544,in
3250511,eg
3250434,hr
3250413,hr
3250181,tr
3250132,tn
3250055,tn
3250034,tn
3250027,tn
3249761,tn
3249670,tn
3249593,tn
3249446,tn
3249453,tn
3249236,ro
3249077,ro
3249021,it
3249014,it
3249007,it
3248993,it
3248979,it
3248972,it
3248923,it
3248916,it
3248881,it
3248860,it
3248839,it
3248825,it
3248769,it
3248748,it
3248755,it
3248708,in
3248649,hu
3248574,hr
3247989,al
3231435,bg
3231345,bg
3231000,lt
3230721,it
3230658,it
3230595,lt
3230368,bg
3230284,tr
3230088,ma
3229858,mk
3229250,eg
3228955,tn
3228934,tn
3228808,lt
3228682,bg
3228668,bg
3228577,mk
3228115,it
3227515,it
3227522,hr
3227471,rs
3227429,it
3227345,de
3227254,pe
3227240,pe
3227233,it
3227219,tn
3227160,ua
3227146,it
3227118,it
3226985,it
3226978,it
3226688,bg
3226534,bg
3298902,ru
3298769,pl
3298734,pl
3298720,pl
3298636,pl
3296742,tn
3295809,es
3294844,pl
3294816,pl
3294746,pl
3294529,pl
3289668,jp
3289315,lt
3288790,jp
3288748,jp
3286810,jp
3285900,jp
3285305,it
3285158,it
3285102,it
3284619,it
3284563,it
3279655,it
3278099,de
3256817,cl
3256146,be
3249810,tn
3249418,tn
3299449,tr
3296805,tr
3279641,il
3275820,ee
3275094,cn_44
3275017,cn
3269598,cn_44
3269178,cn_33
3266269,cn_44
3265648,cn_44
3265147,cn_44
3260650,cn_44
3260442,cn_44
3260028,cn_33
3257209,cn_33
3257020,cn_44
3250195,tr
3250167,tr
3244168,vn
3242276,cn_32
3242164,cn_44
3231266,cn_44
3229138,cn_33
3222215,tr
3222156,tr
3220981,tr
3220969,tr
3220764,tr
3220736,tr
3220715,tr
3220659,tr
3220638,tr
3220645,tr
3220610,tr
3220519,tr
3219994,cn_44
3220554,tr
3228122,tr
3230899,cn_44
3242526,cn_44
3242589,cn_44
3242073,cn_44
3242080,cn_44
3257153,cn_44
3258964,cn_32
3261418,cn_44
3259888,cn_44
3259986,cn_44
3260210,cn_44
3265473,cn_44
3267334,cn_44
3267558,cn_44
3269472,cn_44
3269836,cn_33
3269955,cn_44
3274744,cn_44
